language,arity
English,3
English,5
English,6
English,6
English,4
English,4
English,3
English,4
English,1
English,6
English,3
English,3
English,3
English,3
English,3
English,2
English,0
English,0
English,0
English,0
English,0
English,0
English,0
English,0
English,0
English,0
English,0
English,0
English,0
English,0
English,0
English,0
English,0
English,0
English,0
English,0
English,0
English,0
English,0
English,0
English,0
English,1
English,4
English,3
English,5
English,4
English,4
English,4
English,3
English,3
English,4
English,2
English,0
English,5
English,4
English,5
English,3
English,2
English,3
English,6
English,5
English,4
English,3
English,2
English,2
English,2
English,4
English,5
English,2
English,2
English,1
English,5
English,2
English,1
English,4
English,5
English,6
English,3
English,0
English,2
English,4
English,8
English,4
English,5
English,4
English,4
English,3
English,3
English,3
English,4
English,4
English,2
English,4
English,2
English,4
English,5
English,4
English,3
English,7
English,4
English,5
English,3
English,4
English,6
English,4
English,2
English,4
English,5
English,0
English,6
English,4
English,2
English,6
English,3
English,6
English,5
English,6
English,5
English,6
English,8
English,4
English,4
English,4
English,0
English,4
English,4
English,0
English,0
English,0
English,6
English,4
English,2
English,4
English,0
English,6
English,5
English,3
English,4
English,4
English,5
English,3
English,4
English,5
English,5
English,4
English,3
English,4
English,5
English,3
English,0
English,4
English,0
English,5
English,2
English,1
English,1
English,3
English,5
English,1
English,5
English,2
English,7
English,4
English,4
English,1
English,0
English,3
English,4
English,1
English,4
English,5
English,5
English,4
English,3
English,5
English,3
English,2
English,6
English,5
English,6
English,4
English,3
English,5
English,3
English,2
English,5
English,3
English,5
English,5
English,2
English,4
English,4
English,5
English,5
English,5
English,5
English,4
English,5
English,4
English,7
English,4
English,5
English,5
English,5
English,4
English,5
English,5
English,4
English,6
English,4
English,0
English,4
English,4
English,4
English,4
English,3
English,4
English,3
English,2
English,6
English,6
English,4
English,2
English,0
English,0
English,0
English,0
English,6
English,2
English,3
English,5
English,4
English,2
English,4
English,4
English,4
English,4
English,4
English,6
English,6
English,7
English,0
English,4
English,4
English,4
English,0
English,1
English,4
English,1
English,1
English,6
English,3
English,0
English,7
English,5
English,1
English,0
English,4
English,5
English,1
English,3
English,4
English,2
English,5
English,4
English,3
English,4
English,6
English,2
English,1
English,5
English,0
English,3
English,0
English,4
English,1
English,4
English,5
English,4
English,4
English,5
English,4
English,4
English,0
English,7
English,2
English,6
English,4
English,4
English,1
English,1
English,6
English,6
English,3
English,3
English,0
English,0
English,5
English,4
English,1
English,5
English,5
English,4
English,4
English,4
English,7
English,4
English,0
English,5
English,6
English,0
English,3
English,2
English,7
English,1
English,3
English,1
English,5
English,7
English,6
English,4
English,1
English,5
English,4
English,6
English,6
English,7
English,6
English,4
English,5
English,7
English,3
English,3
English,3
English,6
English,6
English,5
English,5
English,6
English,4
English,6
English,4
English,5
English,4
English,4
English,6
English,4
English,5
English,4
English,4
English,5
English,5
English,6
English,4
English,3
English,5
English,5
English,5
English,5
English,3
English,6
English,5
English,6
English,6
English,5
English,5
English,4
English,5
English,5
English,4
English,4
English,6
English,6
English,4
English,5
English,4
English,5
English,6
English,6
English,4
English,3
English,3
English,5
English,4
English,6
English,5
English,6
English,3
English,5
English,1
English,6
English,4
English,5
English,4
English,4
English,3
English,3
English,5
English,7
English,6
English,3
English,7
English,5
English,4
English,6
English,4
English,5
English,4
English,3
English,3
English,2
English,6
English,5
English,4
English,6
English,4
English,4
English,5
English,6
English,5
English,1
English,7
English,0
English,0
English,0
English,0
English,0
English,0
English,0
English,0
English,3
English,3
English,1
English,1
English,0
English,2
English,1
English,0
English,1
English,3
English,4
English,1
English,1
English,5
English,2
English,0
English,4
English,0
English,1
English,2
English,4
English,0
English,4
English,0
English,0
English,0
English,6
English,1
English,3
English,2
English,1
English,0
English,1
English,2
English,3
English,0
English,1
English,2
English,6
English,4
English,0
English,1
English,1
English,4
English,0
English,1
English,3
English,5
English,0
English,1
English,1
English,2
English,4
English,1
English,1
English,3
English,2
English,5
English,4
English,3
English,3
English,3
English,2
English,4
English,5
English,4
English,4
English,2
English,4
English,5
English,4
English,5
English,2
English,3
English,4
English,0
English,1
English,4
English,2
English,5
English,2
English,3
English,4
English,0
English,2
English,4
English,3
English,1
English,4
English,5
English,1
English,5
English,4
English,1
English,2
English,2
English,3
English,2
English,2
English,1
English,1
English,2
English,2
English,1
English,1
English,3
English,3
English,3
English,3
English,3
English,3
English,4
English,0
English,4
English,3
English,0
English,1
English,1
English,4
English,1
English,3
English,2
English,5
English,6
English,6
English,5
English,3
English,5
English,1
English,0
English,4
English,5
English,0
English,1
English,1
English,0
English,4
English,7
English,4
English,5
English,4
English,3
English,4
English,5
English,3
English,6
English,5
English,2
English,2
English,4
English,3
English,2
English,3
English,5
English,2
English,4
English,4
English,3
English,2
English,2
English,3
English,3
English,5
English,3
English,5
English,1
English,0
English,4
English,5
English,0
English,1
English,1
English,0
English,1
English,1
English,5
English,4
English,6
English,4
English,3
English,5
English,3
English,5
English,3
English,0
English,3
English,5
English,2
English,0
English,0
English,0
English,0
English,0
English,0
English,0
English,0
English,3
English,1
English,0
English,3
English,2
English,1
English,3
English,1
English,1
English,2
English,2
English,5
English,0
English,2
English,1
English,0
English,4
English,0
English,4
English,0
English,4
English,0
English,2
English,1
English,0
English,4
English,0
English,5
English,8
English,4
English,1
English,1
English,4
English,4
English,3
English,2
English,2
English,5
English,2
English,3
English,4
English,1
English,0
English,2
English,3
English,3
English,4
English,1
English,0
English,1
English,0
English,4
English,4
English,2
English,2
English,3
English,3
English,4
English,0
English,5
English,4
English,3
English,0
English,3
English,4
English,5
English,5
English,3
English,5
English,5
English,3
English,5
English,4
English,1
English,3
English,0
English,3
English,2
English,0
English,0
English,4
English,0
English,2
English,5
English,0
English,1
English,6
English,1
English,0
English,4
English,1
English,0
English,4
English,0
English,4
English,5
English,0
English,5
English,4
English,0
English,0
English,2
English,6
English,1
English,3
English,0
English,3
English,7
English,5
English,5
English,1
English,0
English,5
English,0
English,5
English,5
English,3
English,3
English,0
English,3
English,0
English,2
English,3
English,0
English,5
English,0
English,1
English,1
English,1
English,3
English,0
English,3
English,4
English,1
English,4
English,3
English,4
English,5
English,5
English,4
English,0
English,4
English,3
English,3
English,1
English,2
English,1
English,0
English,0
English,3
English,5
English,1
English,2
English,1
English,3
English,3
English,1
English,0
English,1
English,2
English,1
English,1
English,2
English,4
English,1
English,1
English,1
English,5
English,6
English,4
English,1
English,2
English,1
English,1
English,1
English,2
English,1
English,0
English,0
English,1
English,2
English,1
English,5
English,2
English,4
English,2
English,2
English,3
English,4
English,2
English,3
English,7
English,5
English,0
English,0
English,3
English,4
English,3
English,4
English,5
English,2
English,5
English,0
English,0
English,3
English,0
English,2
English,2
English,4
English,5
English,2
English,0
English,3
English,3
English,0
English,2
English,2
English,4
English,5
English,2
English,0
English,3
English,3
English,3
English,0
English,0
English,2
English,2
English,4
English,5
English,2
English,0
English,3
English,3
English,2
English,4
English,4
English,3
English,4
English,2
English,5
English,3
English,5
English,4
English,6
English,3
English,2
English,5
English,5
English,1
English,5
English,4
English,0
English,0
English,6
English,4
English,4
English,5
English,6
English,7
English,1
English,5
English,4
English,0
English,10
English,8
English,4
English,6
English,6
English,6
English,4
English,8
English,6
English,4
English,5
English,2
English,1
English,1
English,4
English,1
English,5
English,1
English,2
English,4
English,4
English,4
English,3
English,3
English,4
English,4
English,4
English,4
English,4
English,4
English,3
English,1
English,1
English,0
English,1
English,4
English,6
English,2
English,0
English,1
English,3
English,4
English,0
English,1
English,6
English,1
English,0
English,2
English,4
English,1
English,3
English,2
English,0
English,2
English,2
English,1
English,2
English,3
English,0
English,2
English,1
English,1
English,0
English,2
English,1
English,0
English,1
English,5
English,4
English,5
English,0
English,2
English,1
English,5
English,0
English,1
English,4
English,5
English,0
English,2
English,1
English,3
English,4
English,3
English,5
English,2
English,0
English,1
English,5
English,3
English,4
English,5
English,0
English,2
English,1
English,1
English,4
English,2
English,4
English,3
English,3
English,0
English,0
English,1
English,4
English,5
English,3
English,1
English,0
English,1
English,3
English,4
English,1
English,1
English,1
English,1
English,1
English,4
English,1
English,2
English,5
English,1
English,2
English,1
English,3
English,2
English,1
English,0
English,1
English,1
English,1
English,1
English,1
English,4
English,1
English,0
English,2
English,2
English,1
English,1
English,1
English,1
English,1
English,3
English,4
English,0
English,0
English,1
English,0
English,2
English,0
English,4
English,4
English,5
English,0
English,3
English,1
English,1
English,1
English,4
English,5
English,0
English,4
English,3
English,1
English,5
English,3
English,2
English,2
English,4
English,2
English,3
English,2
English,1
English,3
English,3
English,0
English,1
English,1
English,1
English,1
English,4
English,5
English,0
English,0
English,0
English,3
English,1
English,4
English,1
English,1
English,1
English,1
English,3
English,1
English,5
English,3
English,1
English,1
English,3
English,1
English,5
English,3
English,2
English,2
English,4
English,2
English,3
English,2
English,2
English,1
English,1
English,2
English,4
English,1
English,0
English,6
English,1
English,1
English,5
English,4
English,0
English,2
English,5
English,5
English,6
English,4
English,4
English,4
English,6
English,4
English,3
English,3
English,3
English,1
English,3
English,1
English,0
English,2
English,3
English,3
English,3
English,3
English,2
English,1
English,3
English,4
English,2
English,0
English,0
English,4
English,3
English,1
English,1
English,1
English,5
English,1
English,2
English,0
English,2
English,3
English,0
English,0
English,4
English,2
English,1
English,0
English,5
English,3
English,5
English,1
English,0
English,1
English,3
English,7
English,3
English,4
English,4
English,3
English,2
English,4
English,4
English,4
English,2
English,4
English,6
English,4
English,3
English,3
English,4
English,5
English,2
English,4
English,5
English,5
English,4
English,6
English,4
English,1
English,4
English,4
English,2
English,4
English,5
English,4
English,5
English,4
English,3
English,1
English,0
English,0
English,3
English,3
English,4
English,3
English,4
English,4
English,4
English,4
English,2
English,5
English,0
English,0
English,6
English,3
English,2
English,4
English,4
English,2
English,5
English,3
English,4
English,1
English,1
English,1
English,2
English,2
English,4
English,3
English,1
English,2
English,2
English,1
English,5
English,4
English,2
English,2
English,1
English,1
English,1
English,1
English,3
English,1
English,0
English,0
English,1
English,4
English,4
English,3
English,5
English,5
English,4
English,0
English,7
English,4
English,4
English,0
English,1
English,1
English,4
English,0
English,1
English,5
English,4
English,1
English,0
English,1
English,1
English,1
English,3
English,1
English,0
English,0
English,1
English,4
English,0
English,4
English,3
English,6
English,5
English,1
English,0
English,3
English,4
English,0
English,1
English,1
English,5
English,5
English,4
English,0
English,7
English,4
English,4
English,0
English,1
English,1
English,4
English,0
English,1
English,5
English,4
English,1
English,0
English,1
English,1
English,1
English,3
English,1
English,0
English,0
English,1
English,4
English,0
English,4
English,3
English,5
English,4
English,3
English,0
English,4
English,5
English,4
English,6
English,5
English,5
English,6
English,4
English,5
English,4
English,2
English,0
English,1
English,1
English,3
English,7
English,4
English,2
English,2
English,0
English,0
English,5
English,0
English,0
English,2
English,0
English,3
English,0
English,1
English,6
English,1
English,1
English,1
English,1
English,1
English,1
English,1
English,0
English,3
English,4
English,4
English,6
English,1
English,1
English,1
English,1
English,1
English,1
English,0
English,2
English,1
English,2
English,2
English,0
English,2
English,4
English,5
English,3
English,0
English,2
English,4
English,5
English,3
English,4
English,2
English,0
English,0
English,3
English,3
English,0
English,5
English,5
English,3
English,0
English,1
English,1
English,3
English,2
English,3
English,5
English,5
English,3
English,1
English,1
English,1
English,3
English,2
English,1
English,1
English,0
English,1
English,3
English,2
English,5
English,3
English,2
English,1
English,5
English,1
English,0
English,5
English,1
English,3
English,4
English,4
English,4
English,1
English,0
English,3
English,4
English,8
English,1
English,1
English,1
English,4
English,0
English,1
English,1
English,4
English,1
English,0
English,1
English,1
English,2
English,0
English,1
English,1
English,1
English,2
English,2
English,2
English,1
English,4
English,4
English,0
English,2
English,2
English,3
English,4
English,2
English,2
English,2
English,2
English,3
English,5
English,2
English,1
English,3
English,5
English,2
English,0
English,3
English,1
English,5
English,0
English,1
English,3
English,0
English,0
English,1
English,4
English,5
English,3
English,5
English,1
English,8
English,4
English,1
English,1
English,4
English,1
English,1
English,3
English,0
English,1
English,3
English,2
English,1
English,0
English,2
English,3
English,3
English,4
English,4
English,3
English,0
English,1
English,0
English,1
English,4
English,1
English,4
English,2
English,1
English,0
English,2
English,2
English,4
English,2
English,2
English,3
English,2
English,1
English,5
English,1
English,0
English,1
English,5
English,4
English,5
English,4
English,1
English,7
English,7
English,1
English,4
English,0
English,1
English,1
English,2
English,1
English,0
English,2
English,6
English,5
English,7
English,4
English,3
English,0
English,1
English,2
English,1
English,0
English,2
English,6
English,5
English,7
English,4
English,3
English,0
English,6
English,4
English,1
English,2
English,5
English,6
English,1
English,0
English,6
English,1
English,0
English,1
English,5
English,1
English,0
English,8
English,9
English,0
English,2
English,1
English,0
English,4
English,1
English,2
English,1
English,6
English,4
English,4
English,2
English,4
English,1
English,5
English,5
English,1
English,0
English,5
English,1
English,3
English,6
English,1
English,0
English,2
English,1
English,1
English,3
English,1
English,2
English,3
English,1
English,5
English,1
English,2
English,3
English,2
English,1
English,6
English,0
English,1
English,1
English,4
English,4
English,4
English,4
English,1
English,3
English,3
English,4
English,1
English,1
English,1
English,1
English,1
English,1
English,1
English,1
English,4
English,1
English,1
English,1
English,5
English,4
English,4
English,1
English,0
English,1
English,4
English,5
English,1
English,0
English,1
English,1
English,0
English,1
English,4
English,3
English,1
English,1
English,6
English,0
English,1
English,1
English,6
English,4
English,1
English,1
English,1
English,1
English,7
English,2
English,1
English,0
English,0
English,3
English,0
English,3
English,2
English,1
English,0
English,1
English,1
English,4
English,0
English,0
English,4
English,6
English,5
English,6
English,5
English,2
English,4
English,4
English,1
English,5
English,1
English,1
English,2
English,1
English,0
English,3
English,1
English,4
English,1
English,1
English,4
English,1
English,0
English,3
English,1
English,1
English,4
English,0
English,0
English,1
English,1
English,4
English,5
English,1
English,1
English,3
English,0
English,0
English,1
English,1
English,4
English,3
English,0
English,1
English,1
English,4
English,3
English,4
English,6
English,0
English,0
English,1
English,1
English,3
English,3
English,4
English,4
English,0
English,0
English,2
English,4
English,3
English,1
English,1
English,2
English,5
English,4
English,3
English,1
English,1
English,2
English,5
English,4
English,3
English,1
English,1
English,3
English,0
English,0
English,0
English,0
English,4
English,4
English,5
English,1
English,0
English,4
English,1
English,0
English,1
English,1
English,0
English,1
English,1
English,2
English,0
English,5
English,0
English,1
English,3
English,1
English,0
English,3
English,3
English,3
English,2
English,1
English,0
English,1
English,1
English,1
English,2
English,0
English,1
English,1
English,1
English,0
English,1
English,1
English,1
English,3
English,1
English,1
English,6
English,3
English,1
English,5
English,1
English,1
English,3
English,1
English,1
English,6
English,3
English,1
English,5
English,3
English,0
English,1
English,5
English,0
English,4
English,0
English,5
English,2
English,1
English,3
English,5
English,2
English,1
English,1
English,2
English,5
English,3
English,2
English,0
English,4
English,4
English,0
English,3
English,4
English,2
English,0
English,4
English,6
English,3
English,4
English,4
English,8
English,4
English,1
English,2
English,4
English,0
English,1
English,4
English,0
English,4
English,0
English,2
English,1
English,5
English,5
English,1
English,3
English,4
English,4
English,3
English,4
English,6
English,5
English,4
English,1
English,3
English,2
English,1
English,1
English,0
English,1
English,1
English,3
English,2
English,1
English,1
English,4
English,1
English,1
English,3
English,3
English,2
English,3
English,1
English,3
English,2
English,3
English,1
English,3
English,4
English,3
English,2
English,1
English,2
English,4
English,5
English,1
English,2
English,4
English,1
English,1
English,3
English,5
English,1
English,2
English,3
English,5
English,0
English,2
English,2
English,2
English,4
English,0
English,1
English,1
English,2
English,2
English,3
English,2
English,6
English,4
English,5
English,3
English,3
English,5
English,0
English,2
English,2
English,3
English,1
English,3
English,1
English,0
English,2
English,2
English,1
English,1
English,5
English,2
English,4
English,2
English,2
English,2
English,3
English,1
English,6
English,2
English,1
English,5
English,3
English,4
English,5
English,2
English,2
English,4
English,1
English,2
English,2
English,2
English,1
English,1
English,2
English,3
English,3
English,6
English,3
English,4
English,4
English,3
English,4
English,3
English,2
English,1
English,0
English,1
English,0
English,1
English,1
English,1
English,1
English,1
English,2
English,4
English,1
English,3
English,2
English,0
English,1
English,3
English,1
English,0
English,2
English,2
English,1
English,1
English,5
English,2
English,4
English,2
English,2
English,2
English,3
English,1
English,6
English,5
English,0
English,0
English,5
English,4
English,3
English,5
English,5
English,2
English,6
English,1
English,0
English,3
English,3
English,2
English,0
English,2
English,2
English,1
English,3
English,4
English,0
English,3
English,5
English,0
English,2
English,1
English,1
English,3
English,0
English,0
English,0
English,2
English,5
English,0
English,3
English,4
English,1
English,2
English,4
English,5
English,4
English,3
English,1
English,1
English,4
English,1
English,0
English,4
English,5
English,2
English,1
English,3
English,5
English,3
English,5
English,6
English,3
English,1
English,0
English,1
English,4
English,1
English,1
English,1
English,1
English,1
English,1
English,1
English,1
English,1
English,1
English,1
English,1
English,1
English,1
English,2
English,1
English,6
English,2
English,2
English,6
English,3
English,1
English,0
English,5
English,3
English,0
English,1
English,6
English,1
English,0
English,1
English,0
English,2
English,3
English,1
English,0
English,1
English,0
English,4
English,1
English,0
English,1
English,2
English,1
English,3
English,0
English,1
English,2
English,1
English,1
English,5
English,1
English,1
English,1
English,6
English,3
English,5
English,4
English,5
English,0
English,0
English,0
English,1
English,1
English,7
English,6
English,0
English,3
English,1
English,0
English,1
English,1
English,2
English,0
English,0
English,0
English,3
English,2
English,1
English,3
English,4
English,0
English,1
English,1
English,1
English,1
English,1
English,1
English,0
English,5
English,6
English,0
English,2
English,1
English,1
English,2
English,0
English,1
English,1
English,4
English,3
English,0
English,1
English,0
English,2
English,0
English,4
English,1
English,0
English,5
English,6
English,4
English,4
English,0
English,1
English,1
English,5
English,3
English,2
English,5
English,3
English,5
English,1
English,3
English,0
English,2
English,5
English,5
English,5
English,2
English,1
English,1
English,2
English,2
English,5
English,5
English,4
English,5
English,3
English,2
English,0
English,2
English,1
English,4
English,2
English,4
English,0
English,5
English,3
English,1
English,0
English,0
English,1
English,1
English,3
English,5
English,0
English,1
English,1
English,5
English,3
English,1
English,0
English,2
English,0
English,2
English,1
English,3
English,2
English,6
English,1
English,3
English,2
English,5
English,4
English,4
English,4
English,4
English,2
English,2
English,1
English,3
English,2
English,3
English,3
English,1
English,2
English,1
English,2
English,3
English,3
English,2
English,4
English,5
English,4
English,1
English,0
English,1
English,1
English,1
English,4
English,4
English,3
English,4
English,3
English,3
English,1
English,1
English,5
English,4
English,4
English,2
English,3
English,2
English,3
English,3
English,3
English,2
English,2
English,2
English,2
English,3
English,5
English,0
English,0
English,5
English,1
English,6
English,2
English,0
English,2
English,4
English,1
English,1
English,0
English,5
English,1
English,1
English,1
English,6
English,6
English,0
English,1
English,1
English,5
English,6
English,3
English,1
English,0
English,1
English,3
English,4
English,3
English,4
English,3
English,1
English,0
English,1
English,1
English,3
English,5
English,4
English,3
English,1
English,1
English,2
English,5
English,5
English,4
English,4
English,3
English,3
English,3
English,4
English,4
English,5
English,1
English,0
English,1
English,1
English,5
English,4
English,3
English,4
English,1
English,5
English,1
English,1
English,1
English,3
English,2
English,0
English,5
English,3
English,1
English,1
English,3
English,0
English,1
English,1
English,2
English,3
English,0
English,5
English,5
English,5
English,5
English,4
English,1
English,1
English,1
English,4
English,3
English,0
English,6
English,1
English,1
English,1
English,1
English,4
English,5
English,0
English,1
English,1
English,1
English,2
English,4
English,1
English,4
English,2
English,1
English,3
English,2
English,3
English,1
English,2
English,1
English,2
English,1
English,0
English,1
English,1
English,1
English,2
English,1
English,4
English,3
English,2
English,1
English,3
English,2
English,1
English,4
English,3
English,2
English,2
English,1
English,4
English,3
English,2
English,1
English,4
English,4
English,3
English,1
English,0
English,1
English,1
English,3
English,1
English,3
English,5
English,5
English,3
English,0
English,1
English,1
English,4
English,7
English,5
English,3
English,5
English,1
English,1
English,6
English,1
English,4
English,2
English,0
English,0
English,2
English,1
English,4
English,7
English,5
English,3
English,5
English,1
English,1
English,6
English,5
English,5
English,4
English,4
English,4
English,1
English,1
English,1
English,4
English,2
English,2
English,3
English,6
English,2
English,1
English,4
English,1
English,1
English,4
English,2
English,3
English,1
English,2
English,3
English,1
English,4
English,2
English,4
English,1
English,1
English,1
English,4
English,6
English,3
English,4
English,4
English,1
English,0
English,1
English,4
English,4
English,3
English,4
English,1
English,1
English,1
English,3
English,0
English,1
English,3
English,1
English,0
English,5
English,5
English,5
English,5
English,0
English,2
English,1
English,4
English,1
English,1
English,1
English,3
English,3
English,4
English,1
English,1
English,0
English,5
English,1
English,0
English,4
English,3
English,2
English,2
English,0
English,6
English,5
English,5
English,3
English,3
English,5
English,3
English,6
English,6
English,2
English,5
English,5
English,1
English,2
English,3
English,5
English,1
English,0
English,4
English,5
English,0
English,5
English,1
English,6
English,4
English,3
English,3
English,3
English,0
English,1
English,1
English,2
English,2
English,4
English,2
English,0
English,1
English,2
English,1
English,1
English,4
English,3
English,0
English,2
English,4
English,1
English,1
English,4
English,0
English,1
English,5
English,5
English,0
English,2
English,0
English,0
English,3
English,0
English,4
English,1
English,1
English,1
English,1
English,4
English,3
English,1
English,0
English,2
English,1
English,2
English,3
English,0
English,1
English,4
English,2
English,1
English,5
English,3
English,1
English,1
English,5
English,2
English,6
English,3
English,3
English,2
English,1
English,5
English,3
English,1
English,1
English,5
English,4
English,0
English,1
English,6
English,3
English,1
English,1
English,3
English,4
English,4
English,1
English,2
English,2
English,4
English,1
English,3
English,0
English,0
English,0
English,1
English,1
English,4
English,5
English,1
English,2
English,4
English,1
English,1
English,1
English,0
English,4
English,1
English,2
English,5
English,5
English,3
English,0
English,4
English,5
English,5
English,6
English,7
English,5
English,3
English,4
English,3
English,2
English,2
English,6
English,5
English,2
English,2
English,3
English,6
English,3
English,1
English,0
English,3
English,2
English,3
English,6
English,4
English,4
English,5
English,5
English,3
English,1
English,3
English,2
English,3
English,3
English,4
English,3
English,3
English,2
English,3
English,4
English,4
English,1
English,4
English,2
English,5
English,3
English,2
English,4
English,1
English,4
English,5
English,3
English,6
English,4
English,3
English,3
English,3
English,1
English,2
English,3
English,3
English,2
English,4
English,5
English,3
English,4
English,0
English,2
English,5
English,0
English,0
English,5
English,6
English,0
English,1
English,5
English,2
English,3
English,3
English,2
English,4
English,3
English,4
English,2
English,3
English,2
English,2
English,2
English,2
English,4
English,4
English,3
English,0
English,1
English,4
English,5
English,0
English,1
English,3
English,7
English,2
English,1
English,5
English,4
English,3
English,3
English,2
English,1
English,6
English,0
English,6
English,4
English,0
English,0
English,3
English,0
English,0
English,6
English,1
English,0
English,3
English,0
English,0
English,4
English,0
English,4
English,5
English,0
English,0
English,0
English,4
English,3
English,2
English,3
English,1
English,0
English,1
English,3
English,6
English,3
English,1
English,4
English,5
English,5
English,7
English,4
English,5
English,3
English,5
English,5
English,5
English,5
English,0
English,3
English,3
English,5
English,4
English,3
English,5
English,4
English,4
English,2
English,4
English,5
English,3
English,5
English,3
English,4
English,2
English,3
English,3
English,1
English,1
English,3
English,4
English,1
English,2
English,3
English,5
English,3
English,3
English,5
English,4
English,2
English,2
English,1
English,3
English,8
English,5
English,3
English,4
English,6
English,0
English,2
English,2
English,1
English,3
English,3
English,4
English,4
English,4
English,0
English,1
English,2
English,4
English,4
English,0
English,4
English,3
English,2
English,2
English,4
English,4
English,2
English,6
English,0
English,5
English,4
English,2
English,2
English,1
English,3
English,5
English,4
English,5
English,5
English,0
English,2
English,4
English,0
English,3
English,1
English,3
English,5
English,4
English,3
English,3
English,2
English,2
English,4
English,4
English,2
English,4
English,4
English,4
English,2
English,2
English,1
English,1
English,0
English,1
English,4
English,3
English,5
English,7
English,3
English,4
English,0
English,3
English,4
English,2
English,2
English,4
English,4
English,5
English,6
English,2
English,3
English,3
English,6
English,7
English,1
English,4
English,0
English,3
English,6
English,2
English,2
English,3
English,3
English,3
English,8
English,4
English,4
English,3
English,5
English,3
English,4
English,6
English,3
English,2
English,2
English,3
English,5
English,4
English,7
English,4
English,6
English,5
English,5
English,0
English,3
English,6
English,3
English,4
English,3
English,0
English,5
English,3
English,4
English,0
English,3
English,3
English,3
English,3
English,3
English,3
English,3
English,3
English,7
English,4
English,1
English,2
English,2
English,4
English,5
English,4
English,4
English,1
English,0
English,0
English,4
English,3
English,2
English,2
English,0
English,7
English,4
English,6
English,6
English,0
English,4
English,4
English,4
English,3
English,2
English,2
English,6
English,3
English,4
English,2
English,4
English,5
English,5
English,3
English,5
English,2
English,6
English,3
English,2
English,1
English,2
English,4
English,1
English,2
English,0
English,3
English,3
English,5
English,4
English,2
English,3
English,4
English,3
English,4
English,3
English,5
English,3
English,3
English,3
English,1
English,2
English,4
English,4
English,6
English,4
English,2
English,4
English,5
English,3
English,5
English,2
English,4
English,4
English,3
English,5
English,4
English,5
English,2
English,3
English,2
English,3
English,2
English,3
English,1
English,3
English,5
English,1
English,4
English,2
English,1
English,4
English,5
English,3
English,4
English,5
English,6
English,4
English,4
English,5
English,6
English,6
English,6
English,3
English,4
English,4
English,4
English,0
English,1
English,3
English,2
English,1
English,4
English,5
English,4
English,5
English,4
English,4
English,3
English,3
English,0
English,1
English,3
English,0
English,5
English,5
English,4
English,4
English,4
English,0
English,3
English,4
English,4
English,7
English,2
English,2
English,2
English,7
English,7
English,2
English,3
English,6
English,2
English,5
English,6
English,5
English,4
English,4
English,0
English,3
English,4
English,0
English,4
English,3
English,2
English,4
English,2
English,7
English,2
English,4
English,3
English,2
English,3
English,4
English,2
English,3
English,4
English,2
English,6
English,5
English,2
English,3
English,2
English,6
English,3
English,6
English,2
English,4
English,5
English,2
English,2
English,2
English,7
English,6
English,5
English,3
English,4
English,2
English,2
English,2
English,4
English,0
English,1
English,0
English,1
English,0
English,0
English,4
English,4
English,5
English,5
English,5
English,5
English,5
English,6
English,5
English,5
English,5
English,5
English,5
English,5
English,0
English,0
English,4
English,0
English,3
English,4
English,0
English,0
English,2
English,1
English,2
English,3
English,2
English,2
English,3
English,4
English,2
English,2
English,3
English,3
English,3
English,3
English,5
English,4
English,5
English,2
English,2
English,0
English,0
English,2
English,3
English,0
English,1
English,6
English,4
English,0
English,1
English,4
English,4
English,6
English,4
English,4
English,4
English,3
English,4
English,2
English,4
English,3
English,3
English,8
English,2
English,2
English,2
English,5
English,5
English,4
English,5
English,6
English,5
English,3
English,5
English,3
English,5
English,3
English,4
English,4
English,5
English,6
English,2
English,4
English,3
English,4
English,4
English,2
English,3
English,4
English,6
English,3
English,3
English,3
English,3
English,2
English,1
English,4
English,1
English,3
English,2
English,2
English,3
English,3
English,3
English,3
English,4
English,2
English,3
English,2
English,4
English,2
English,3
English,1
English,3
English,2
English,3
English,2
English,2
English,3
English,4
English,2
English,2
English,1
English,4
English,5
English,3
English,2
English,2
English,5
English,6
English,5
English,4
English,2
English,1
English,4
English,2
English,5
English,1
English,5
English,4
English,6
English,8
English,4
English,5
English,4
English,4
English,3
English,4
English,3
English,3
English,6
English,4
English,3
English,6
English,5
English,3
English,5
English,7
English,3
English,6
English,3
English,5
English,5
English,5
English,4
English,4
English,5
English,3
English,1
English,2
English,4
English,4
English,3
English,5
English,0
English,3
English,3
English,3
English,3
English,4
English,3
English,3
English,4
English,3
English,3
English,1
English,6
English,6
English,3
English,4
English,6
English,3
English,1
English,3
English,4
English,5
English,5
English,7
English,4
English,3
English,5
English,2
English,6
English,5
English,4
English,0
English,4
English,3
English,1
English,5
English,5
English,4
English,3
English,3
English,3
English,6
English,6
English,1
English,5
English,5
English,0
English,5
English,4
English,4
English,4
English,5
English,3
English,1
English,7
English,4
English,4
English,7
English,5
English,1
English,4
English,4
English,6
English,4
English,3
English,3
English,2
English,3
English,2
English,4
English,4
English,5
English,1
English,2
English,2
English,3
English,0
English,2
English,3
English,2
English,2
English,2
English,3
English,3
English,2
English,2
English,2
English,3
English,2
English,2
English,3
English,5
English,5
English,5
English,4
English,3
English,5
English,5
English,3
English,1
English,2
English,1
English,4
English,4
English,4
English,2
English,5
English,2
English,4
English,4
English,3
English,4
English,2
English,5
English,6
English,4
English,3
English,2
English,5
English,2
English,3
English,3
English,3
English,6
English,0
English,5
English,5
English,5
English,0
English,0
English,3
English,0
English,4
English,4
English,6
English,5
English,5
English,5
English,2
English,3
English,3
English,6
English,8
English,3
English,3
English,4
English,3
English,3
English,3
English,2
English,6
English,4
English,3
English,4
English,6
English,4
English,1
English,5
English,5
English,5
English,6
English,3
English,7
English,4
English,0
English,0
English,0
English,4
English,6
English,4
English,3
English,5
English,3
English,4
English,2
English,5
English,3
English,3
English,5
English,4
English,6
English,1
English,3
English,6
English,6
English,3
English,2
English,4
English,4
English,2
English,6
English,2
English,2
English,6
English,2
English,3
English,3
English,2
English,5
English,5
English,5
English,5
English,3
English,5
English,5
English,7
English,6
English,4
English,3
English,2
English,6
English,2
English,3
English,5
English,0
English,4
English,2
English,3
English,4
English,3
English,3
English,4
English,3
English,3
English,0
English,3
English,6
English,5
English,3
English,3
English,2
English,4
English,2
English,4
English,3
English,4
English,0
English,3
English,3
English,5
English,1
English,5
English,5
English,5
English,4
English,3
English,4
English,5
English,4
English,6
English,3
English,5
English,6
English,5
English,3
English,6
English,1
English,2
English,5
English,4
English,5
English,4
English,0
English,3
English,7
English,5
English,4
English,6
English,5
English,2
English,0
English,0
English,2
English,5
English,3
English,5
English,8
English,4
English,3
English,4
English,4
English,5
English,1
English,4
English,3
English,3
English,2
English,4
English,4
English,3
English,4
English,4
English,4
English,0
English,5
English,0
English,5
English,6
English,0
English,3
English,0
English,3
English,3
English,3
English,3
English,4
English,5
English,6
English,6
English,2
English,3
English,5
English,5
English,3
English,3
English,4
English,3
English,4
English,3
English,1
English,2
English,2
English,3
English,5
English,6
English,6
English,6
English,3
English,3
English,3
English,3
English,5
English,3
English,5
English,3
English,5
English,4
English,3
English,5
English,4
English,8
English,5
English,4
English,3
English,3
English,4
English,3
English,4
English,4
English,4
English,5
English,5
English,3
English,4
English,7
English,4
English,3
English,2
English,0
English,0
English,0
English,0
English,0
English,0
English,0
English,4
English,5
English,3
English,4
English,4
English,5
English,3
English,0
English,0
English,5
English,0
English,4
English,5
English,3
English,4
English,5
English,4
English,0
English,0
English,0
English,0
English,0
English,4
English,3
English,4
English,2
English,6
English,5
English,5
English,7
English,3
English,4
English,3
English,4
English,6
English,3
English,1
English,2
English,1
English,1
English,2
English,1
English,2
English,1
English,2
English,1
English,1
English,2
English,1
English,1
English,2
English,3
English,5
English,7
English,4
English,0
English,0
English,4
English,3
English,3
English,2
English,3
English,6
English,3
English,0
English,5
English,6
English,3
English,4
English,2
English,4
English,3
English,4
English,5
English,5
English,6
English,4
English,2
English,4
English,4
English,3
English,6
English,3
English,3
English,2
English,3
English,4
English,5
English,4
English,2
English,4
English,3
English,3
English,4
English,3
English,1
English,1
English,4
English,0
English,0
English,5
English,3
English,2
English,4
English,1
English,3
English,4
English,2
English,4
English,5
English,0
English,5
English,4
English,4
English,4
English,4
English,3
English,4
English,0
English,3
English,0
English,4
English,3
English,6
English,3
English,1
English,4
English,2
English,4
English,0
English,6
English,5
English,4
English,4
English,3
English,0
English,6
English,5
English,3
English,3
English,3
English,3
English,6
English,4
English,5
English,3
English,3
English,4
English,4
English,3
English,6
English,6
English,6
English,3
English,2
English,4
English,4
English,3
English,2
English,1
English,1
English,4
English,2
English,2
English,4
English,6
English,4
English,3
English,4
English,5
English,2
English,6
English,3
English,3
English,2
English,2
English,6
English,4
English,2
English,2
English,0
English,3
English,5
English,5
English,4
English,2
English,3
English,3
English,4
English,4
English,5
English,3
English,3
English,5
English,2
English,1
English,5
English,5
English,8
English,5
English,2
English,5
English,3
English,6
English,3
English,3
English,6
English,6
English,3
English,4
English,3
English,6
English,3
English,3
English,3
English,5
English,5
English,2
English,5
English,3
English,5
English,5
English,0
English,2
English,3
English,1
English,5
English,4
English,6
English,4
English,4
English,4
English,4
English,6
English,2
English,4
English,4
English,5
English,4
English,0
English,3
English,4
English,1
English,3
English,5
English,5
English,4
English,4
English,2
English,3
English,3
English,3
English,2
English,4
English,2
English,4
English,2
English,2
English,4
English,4
English,5
English,4
English,5
English,0
English,3
English,4
English,6
English,1
English,1
English,4
English,3
English,5
English,7
English,5
English,4
English,3
English,3
English,7
English,3
English,5
English,3
English,3
English,3
English,2
English,3
English,5
English,4
English,3
English,4
English,5
English,5
English,4
English,5
English,6
English,4
English,4
English,3
English,0
English,5
English,4
English,5
English,3
English,7
English,2
English,5
English,7
English,4
English,4
English,6
English,4
English,5
English,4
English,2
English,3
English,4
English,2
English,6
English,3
English,2
English,5
English,7
English,3
English,4
English,4
English,5
English,4
English,3
English,4
English,4
English,3
English,2
English,5
English,4
English,4
English,4
English,6
English,4
English,0
English,5
English,0
English,1
English,2
English,9
English,4
English,2
English,2
English,3
English,2
English,5
English,3
English,3
English,3
English,4
English,3
English,4
English,4
English,3
English,7
English,3
English,2
English,5
English,4
English,4
English,4
English,2
English,5
English,5
English,6
English,6
English,5
English,1
English,2
English,4
English,2
English,4
English,4
English,4
English,1
English,4
English,4
English,5
English,4
English,5
English,4
English,2
English,5
English,2
English,3
English,3
English,3
English,3
English,6
English,6
English,5
English,5
English,5
English,4
English,6
English,5
English,6
English,5
English,6
English,6
English,6
English,4
English,4
English,4
English,5
English,3
English,3
English,4
English,4
English,5
English,4
English,3
English,4
English,3
English,5
English,4
English,4
English,2
English,5
English,5
English,7
English,2
English,5
English,8
English,6
English,5
English,8
English,3
English,5
English,5
English,2
English,2
English,3
English,3
English,4
English,4
English,4
English,5
English,4
English,4
English,5
English,6
English,6
English,5
English,6
English,3
English,3
English,4
English,5
English,2
English,6
English,3
English,4
English,4
English,6
English,3
English,3
English,4
English,2
English,2
English,4
English,3
English,6
English,6
English,3
English,4
English,5
English,4
English,6
English,4
English,4
English,5
English,6
English,4
English,3
English,2
English,7
English,2
English,1
English,4
English,4
English,4
English,7
English,6
English,1
English,1
English,7
English,4
English,4
English,1
English,3
English,5
English,3
English,2
English,4
English,3
English,4
English,4
English,5
English,4
English,5
English,6
English,4
English,5
English,5
English,5
English,6
English,5
English,5
English,3
English,6
English,4
English,3
English,6
English,5
English,2
English,4
English,4
English,4
English,1
English,4
English,5
English,2
English,5
English,5
English,4
English,4
English,5
English,5
English,4
English,2
English,3
English,4
English,3
English,5
English,4
English,6
English,4
English,2
English,5
English,4
English,2
English,5
English,4
English,4
English,3
English,4
English,7
English,5
English,6
English,4
English,4
English,3
English,5
English,5
English,3
English,5
English,3
English,3
English,6
English,0
English,0
English,3
English,2
English,3
English,3
English,5
English,2
English,3
English,3
English,4
English,4
English,6
English,4
English,4
English,5
English,4
English,5
English,4
English,4
English,3
English,5
English,4
English,5
English,3
English,4
English,6
English,3
English,8
English,3
English,5
English,3
English,4
English,4
English,3
English,4
English,5
English,7
English,5
English,5
English,4
English,3
English,5
English,5
English,3
English,4
English,2
English,4
English,3
English,2
English,1
English,4
English,4
English,3
English,4
English,5
English,5
English,5
English,5
English,3
English,3
English,2
English,4
English,4
English,2
English,3
English,6
English,2
English,1
English,4
English,4
English,3
English,3
English,5
English,4
English,5
English,6
English,6
English,4
English,5
English,3
English,6
English,5
English,4
English,5
English,3
English,4
English,5
English,3
English,4
English,4
English,1
English,4
English,4
English,3
English,3
English,6
English,5
English,3
English,4
English,4
English,4
English,3
English,3
English,5
English,3
English,6
English,4
English,6
English,4
English,4
English,3
English,6
English,3
English,6
English,4
English,1
English,5
English,1
English,5
English,5
English,5
English,5
English,5
English,5
English,6
English,8
English,6
English,6
English,4
English,4
English,6
English,4
English,4
English,5
English,5
English,3
English,4
English,4
English,6
English,3
English,5
English,4
English,3
English,3
English,1
English,6
English,4
English,6
English,4
English,5
English,5
English,4
English,3
English,5
English,4
English,6
English,3
English,4
English,3
English,6
English,4
English,4
English,3
English,5
English,4
English,3
English,4
English,4
English,5
English,5
English,5
English,2
English,4
English,1
English,3
English,3
English,2
English,6
English,4
English,3
English,0
English,2
English,4
English,1
English,4
English,6
English,2
English,5
English,2
English,4
English,4
English,2
English,3
English,4
English,3
English,1
English,0
English,3
English,5
English,6
English,2
English,2
English,4
English,3
English,0
English,1
English,3
English,4
English,2
English,4
English,4
English,2
English,2
English,2
English,2
English,3
English,4
English,4
English,2
English,3
English,4
English,3
English,2
English,5
English,5
English,1
English,4
English,3
English,2
English,2
English,5
English,2
English,5
English,5
English,4
English,2
English,2
English,2
English,4
English,1
English,5
English,2
English,5
English,4
English,4
English,1
English,4
English,3
English,4
English,4
English,3
English,4
English,3
English,7
English,3
English,2
English,4
English,3
English,1
English,4
English,2
English,5
English,3
English,5
English,3
English,5
English,4
English,3
English,5
English,5
English,2
English,1
English,4
English,6
English,2
English,1
English,3
English,2
English,3
English,3
English,3
English,4
English,2
English,5
English,5
English,4
English,1
English,3
English,3
English,5
English,3
English,4
English,3
English,1
English,3
English,3
English,7
English,3
English,3
English,0
English,1
English,5
English,4
English,4
English,4
English,3
English,2
English,5
English,3
English,3
English,5
English,3
English,3
English,4
English,3
English,4
English,5
English,4
English,2
English,5
English,2
English,4
English,4
English,3
English,4
English,2
English,6
English,3
English,5
English,4
English,5
English,6
English,3
English,6
English,4
English,2
English,3
English,3
English,2
English,4
English,5
English,4
English,4
English,4
English,5
English,3
English,4
English,4
English,1
English,2
English,3
English,5
English,4
English,2
English,3
English,2
English,3
English,2
English,2
English,3
English,1
English,1
English,5
English,2
English,7
English,5
English,2
English,6
English,3
English,4
English,3
English,4
English,3
English,4
English,3
English,5
English,3
English,1
English,7
English,6
English,3
English,0
English,1
English,4
English,4
English,4
English,2
English,3
English,2
English,6
English,4
English,5
English,7
English,2
English,5
English,3
English,5
English,5
English,5
English,3
English,5
English,2
English,6
English,4
English,3
English,5
English,5
English,5
English,5
English,4
English,4
English,3
English,4
English,4
English,5
English,5
English,4
English,4
English,5
English,3
English,2
English,2
English,0
English,6
English,1
English,4
English,2
English,5
English,6
English,6
English,1
English,6
English,5
English,1
English,5
English,5
English,5
English,4
English,3
English,5
English,4
English,3
English,3
English,4
English,3
English,3
English,4
English,2
English,3
English,3
English,2
English,5
English,4
English,4
English,2
English,5
English,4
English,1
English,4
English,7
English,6
English,1
English,3
English,4
English,4
English,3
English,1
English,2
English,3
English,4
English,1
English,7
English,3
English,5
English,2
English,6
English,5
English,3
English,4
English,6
English,3
English,3
English,2
English,3
English,4
English,5
English,1
English,5
English,2
English,5
English,2
English,4
English,2
English,3
English,1
English,3
English,3
English,4
English,3
English,3
English,4
English,2
English,3
English,2
English,3
English,5
English,7
English,4
English,6
English,4
English,5
English,2
English,4
English,6
English,3
English,4
English,0
English,5
English,2
English,4
English,3
English,4
English,3
English,3
English,4
English,4
English,2
English,5
English,0
English,5
English,3
English,3
English,3
English,3
English,4
English,5
English,2
English,2
English,3
English,5
English,6
English,2
English,3
English,5
English,4
English,5
English,7
English,6
English,5
English,3
English,1
English,5
English,3
English,1
English,5
English,5
English,2
English,5
English,1
English,2
English,3
English,2
English,4
English,2
English,3
English,1
English,3
English,5
English,7
English,4
English,1
English,3
English,2
English,4
English,4
English,4
English,4
English,2
English,4
English,4
English,5
English,5
English,4
English,4
English,0
English,4
English,6
English,4
English,5
English,4
English,0
English,1
English,2
English,4
English,4
English,4
English,4
English,5
English,6
English,5
English,4
English,3
English,6
English,2
English,3
English,1
English,1
English,3
English,4
English,1
English,4
English,4
English,3
English,5
English,6
English,4
English,2
English,4
English,4
English,4
English,4
English,4
English,3
English,1
English,3
English,5
English,6
English,0
English,6
English,2
English,3
English,4
English,3
English,3
English,3
English,4
English,2
English,3
English,5
English,4
English,4
English,5
English,4
English,4
English,8
English,2
English,2
English,1
English,4
English,3
English,3
English,4
English,2
English,4
English,4
English,2
English,5
English,6
English,2
English,4
English,4
English,4
English,8
English,4
English,4
English,3
English,2
English,3
English,4
English,4
English,2
English,3
English,4
English,5
English,4
English,2
English,5
English,2
English,3
English,4
English,6
English,3
English,5
English,4
English,1
English,5
English,0
English,6
English,5
English,4
English,4
English,9
English,1
English,3
English,5
English,4
English,4
English,2
English,4
English,3
English,2
English,2
English,5
English,4
English,5
English,5
English,4
English,3
English,4
English,3
English,4
English,3
English,1
English,3
English,3
English,2
English,5
English,6
English,4
English,2
English,4
English,4
English,4
English,2
English,4
English,6
English,2
English,5
English,4
English,5
English,5
English,1
English,3
English,2
English,4
English,5
English,3
English,5
English,5
English,4
English,3
English,4
English,6
English,2
English,3
English,5
English,6
English,3
English,1
English,6
English,3
English,1
English,3
English,4
English,5
English,4
English,7
English,5
English,3
English,0
English,4
English,6
English,3
English,5
English,4
English,5
English,3
English,3
English,6
English,4
English,5
English,6
English,3
English,6
English,6
English,4
English,5
English,5
English,6
English,5
English,5
English,3
English,2
English,1
English,2
English,6
English,4
English,3
English,6
English,0
English,5
English,4
English,6
English,5
English,4
English,3
English,3
English,5
English,5
English,2
English,2
English,5
English,6
English,4
English,5
English,2
English,1
English,4
English,2
English,1
English,4
English,5
English,6
English,4
English,3
English,5
English,8
English,3
English,2
English,5
English,1
English,4
English,4
English,4
English,5
English,4
English,4
English,1
English,5
English,4
English,5
English,3
English,5
English,5
English,4
English,5
English,6
English,6
English,2
English,2
English,3
English,7
English,2
English,3
English,4
English,6
English,1
English,3
English,6
English,1
English,1
English,6
English,3
English,3
English,5
English,2
English,4
English,2
English,6
English,3
English,4
English,3
English,4
English,4
English,10
English,5
English,4
English,3
English,2
English,6
English,2
English,3
English,1
English,3
English,7
English,4
English,4
English,5
English,4
English,2
English,2
English,4
English,4
English,4
English,2
English,5
English,6
English,4
English,4
English,4
English,5
English,2
English,4
English,2
English,6
English,4
English,4
English,4
English,1
English,2
English,2
English,2
English,6
English,5
English,2
English,3
English,2
English,1
English,3
English,3
English,2
English,3
English,4
English,5
English,3
English,5
English,4
English,3
English,1
English,3
English,3
English,1
English,4
English,3
English,4
English,3
English,4
English,2
English,6
English,4
English,9
English,6
English,3
English,7
English,3
English,1
English,0
English,2
English,5
English,0
English,4
English,5
English,4
English,5
English,4
English,6
English,6
English,4
English,2
English,4
English,6
English,5
English,4
English,5
English,4
English,2
English,4
English,3
English,3
English,5
English,5
English,5
English,5
English,2
English,5
English,2
English,4
English,3
English,4
English,5
English,4
English,4
English,1
English,3
English,2
English,5
English,4
English,4
English,4
English,5
English,6
English,1
English,3
English,5
English,2
English,1
English,5
English,3
English,3
English,5
English,4
English,5
English,5
English,4
English,6
English,1
English,1
English,3
English,4
English,4
English,3
English,1
English,4
English,5
English,4
English,4
English,3
English,5
English,4
English,4
English,2
English,6
English,4
English,2
English,3
English,4
English,2
English,3
English,4
English,3
English,5
English,5
English,3
English,3
English,4
English,4
English,5
English,4
English,4
English,0
English,3
English,6
English,3
English,4
English,3
English,6
English,2
English,3
English,4
English,5
English,2
English,6
English,5
English,5
English,4
English,3
English,3
English,6
English,3
English,2
English,6
English,4
English,4
English,4
English,4
English,5
English,2
English,3
English,3
English,3
English,5
English,4
English,3
English,5
English,3
English,4
English,5
English,3
English,4
English,4
English,4
English,5
English,2
English,5
English,5
English,5
English,3
English,4
English,3
English,2
English,5
English,5
English,3
English,3
English,2
English,2
English,3
English,3
English,2
English,3
English,4
English,3
English,3
English,3
English,3
English,2
English,4
English,5
English,4
English,2
English,4
English,6
English,6
English,3
English,5
English,4
English,3
English,5
English,5
English,7
English,2
English,5
English,4
English,4
English,4
English,3
English,3
English,1
English,1
English,4
English,3
English,5
English,4
English,4
English,2
English,5
English,3
English,4
English,4
English,5
English,0
English,4
English,3
English,4
English,4
English,3
English,4
English,6
English,4
English,3
English,7
English,2
English,3
English,7
English,3
English,4
English,4
English,3
English,5
English,4
English,6
English,3
English,3
English,4
English,1
English,5
English,3
English,3
English,3
English,5
English,4
English,4
English,6
English,3
English,3
English,6
English,3
English,4
English,1
English,2
English,3
English,5
English,4
English,4
English,6
English,4
English,3
English,3
English,3
English,4
English,2
English,4
English,3
English,4
English,2
English,3
English,3
English,1
English,5
English,1
English,5
English,2
English,3
English,4
English,6
English,5
English,4
English,3
English,5
English,2
English,3
English,4
English,4
English,2
English,3
English,4
English,3
English,2
English,6
English,1
English,4
English,3
English,4
English,4
English,4
English,4
English,3
English,2
English,3
English,6
English,4
English,3
English,3
English,5
English,3
English,5
English,6
English,6
English,2
English,2
English,2
English,4
English,5
English,3
English,3
English,1
English,6
English,2
English,8
English,2
English,2
English,5
English,1
English,2
English,5
English,5
English,6
English,2
English,5
English,4
English,5
English,4
English,5
English,3
English,4
English,4
English,4
English,6
English,7
English,5
English,6
English,2
English,5
English,5
English,4
English,7
English,5
English,4
English,4
English,6
English,4
English,6
English,6
English,2
English,5
English,2
English,3
English,3
English,3
English,4
English,5
English,4
English,5
English,3
English,3
English,1
English,4
English,2
English,3
English,3
English,4
English,4
English,6
English,3
English,6
English,6
English,4
English,5
English,3
English,4
English,2
English,4
English,7
English,2
English,2
English,6
English,6
English,3
English,6
English,5
English,4
English,5
English,4
English,3
English,7
English,4
English,2
English,5
English,2
English,6
Hindi,4
Hindi,4
Hindi,4
Hindi,4
Hindi,5
Hindi,5
Hindi,5
Hindi,5
Hindi,4
Hindi,4
Hindi,4
Hindi,6
Hindi,5
Hindi,4
Hindi,2
Hindi,6
Hindi,2
Hindi,7
Hindi,4
Hindi,4
Hindi,5
Hindi,5
Hindi,5
Hindi,6
Hindi,6
Hindi,7
Hindi,1
Hindi,2
Hindi,6
Hindi,5
Hindi,5
Hindi,5
Hindi,5
Hindi,5
Hindi,5
Hindi,4
Hindi,5
Hindi,5
Hindi,6
Hindi,5
Hindi,6
Hindi,5
Hindi,5
Hindi,4
Hindi,4
Hindi,5
Hindi,4
Hindi,4
Hindi,4
Hindi,4
Hindi,5
Hindi,7
Hindi,6
Hindi,4
Hindi,5
Hindi,5
Hindi,8
Hindi,0
Hindi,5
Hindi,5
Hindi,4
Hindi,5
Hindi,3
Hindi,4
Hindi,5
Hindi,5
Hindi,3
Hindi,5
Hindi,7
Hindi,5
Hindi,4
Hindi,5
Hindi,6
Hindi,5
Hindi,5
Hindi,6
Hindi,6
Hindi,5
Hindi,6
Hindi,2
Hindi,5
Hindi,6
Hindi,6
Hindi,2
Hindi,5
Hindi,2
Hindi,7
Hindi,5
Hindi,6
Hindi,4
Hindi,4
Hindi,4
Hindi,5
Hindi,3
Hindi,7
Hindi,5
Hindi,5
Hindi,7
Hindi,5
Hindi,4
Hindi,5
Hindi,5
Hindi,6
Hindi,3
Hindi,5
Hindi,4
Hindi,2
Hindi,6
Hindi,6
Hindi,2
Hindi,3
Hindi,2
Hindi,5
Hindi,5
Hindi,4
Hindi,6
Hindi,5
Hindi,6
Hindi,5
Hindi,4
Hindi,6
Hindi,4
Hindi,4
Hindi,4
Hindi,4
Hindi,4
Hindi,5
Hindi,4
Hindi,5
Hindi,5
Hindi,5
Hindi,5
Hindi,6
Hindi,4
Hindi,4
Hindi,5
Hindi,4
Hindi,6
Hindi,5
Hindi,2
Hindi,6
Hindi,2
Hindi,4
Hindi,5
Hindi,4
Hindi,2
Hindi,4
Hindi,5
Hindi,3
Hindi,4
Hindi,3
Hindi,4
Hindi,4
Hindi,7
Hindi,4
Hindi,4
Hindi,4
Hindi,5
Hindi,5
Hindi,6
Hindi,6
Hindi,2
Hindi,6
Hindi,2
Hindi,5
Hindi,2
Hindi,5
Hindi,2
Hindi,2
Hindi,5
Hindi,2
Hindi,4
Hindi,5
Hindi,6
Hindi,4
Hindi,4
Hindi,5
Hindi,4
Hindi,4
Hindi,5
Hindi,4
Hindi,5
Hindi,6
Hindi,5
Hindi,5
Hindi,4
Hindi,5
Hindi,5
Hindi,5
Hindi,4
Hindi,5
Hindi,5
Hindi,6
Hindi,7
Hindi,6
Hindi,4
Hindi,5
Hindi,2
Hindi,4
Hindi,5
Hindi,2
Hindi,2
Hindi,4
Hindi,5
Hindi,7
Hindi,5
Hindi,6
Hindi,5
Hindi,5
Hindi,4
Hindi,5
Hindi,3
Hindi,5
Hindi,6
Hindi,6
Hindi,5
Hindi,6
Hindi,4
Hindi,4
Hindi,5
Hindi,5
Hindi,6
Hindi,4
Hindi,5
Hindi,6
Hindi,3
Hindi,4
Hindi,4
Hindi,4
Hindi,5
Hindi,5
Hindi,4
Hindi,8
Hindi,4
Hindi,5
Hindi,4
Hindi,6
Hindi,6
Hindi,6
Hindi,5
Hindi,6
Hindi,6
Hindi,4
Hindi,4
Hindi,4
Hindi,6
Hindi,7
Hindi,6
Hindi,4
Hindi,4
Hindi,3
Hindi,5
Hindi,3
Hindi,2
Hindi,4
Hindi,5
Hindi,6
Hindi,3
Hindi,5
Hindi,4
Hindi,5
Hindi,6
Hindi,3
Hindi,3
Hindi,3
Hindi,7
Hindi,6
Hindi,7
Hindi,6
Hindi,5
Hindi,4
Hindi,3
Hindi,3
Hindi,5
Hindi,5
Hindi,7
Hindi,6
Hindi,5
Hindi,5
Hindi,3
Hindi,4
Hindi,5
Hindi,4
Hindi,5
Hindi,5
Hindi,5
Hindi,5
Hindi,5
Hindi,3
Hindi,4
Hindi,6
Hindi,4
Hindi,4
Hindi,6
Hindi,4
Hindi,4
Hindi,5
Hindi,4
Hindi,4
Hindi,6
Hindi,5
Hindi,5
Hindi,6
Hindi,6
Hindi,6
Hindi,6
Hindi,7
Hindi,4
Hindi,6
Hindi,6
Hindi,8
Hindi,4
Hindi,6
Hindi,7
Hindi,4
Hindi,4
Hindi,4
Hindi,4
Hindi,5
Hindi,4
Hindi,5
Hindi,3
Hindi,6
Hindi,4
Hindi,5
Hindi,4
Hindi,4
Hindi,6
Hindi,5
Hindi,6
Hindi,5
Hindi,5
Hindi,5
Hindi,4
Hindi,3
Hindi,6
Hindi,5
Hindi,2
Hindi,3
Hindi,4
Hindi,6
Hindi,6
Hindi,5
Hindi,4
Hindi,5
Hindi,4
Hindi,6
Hindi,6
Hindi,5
Hindi,8
Hindi,2
Hindi,5
Hindi,5
Hindi,5
Hindi,4
Hindi,4
Hindi,5
Hindi,6
Hindi,6
Hindi,6
Hindi,5
Hindi,4
Hindi,5
Hindi,5
Hindi,4
Hindi,6
Hindi,5
Hindi,7
Hindi,6
Hindi,4
Hindi,4
Hindi,7
Hindi,4
Hindi,4
Hindi,4
Hindi,4
Hindi,5
Hindi,4
Hindi,6
Hindi,4
Hindi,5
Hindi,5
Hindi,5
Hindi,4
Hindi,6
Hindi,6
Hindi,8
Hindi,5
Hindi,3
Hindi,5
Hindi,5
Hindi,6
Hindi,5
Hindi,4
Hindi,5
Hindi,4
Hindi,5
Hindi,5
Hindi,5
Hindi,6
Hindi,4
Hindi,4
Hindi,5
Hindi,6
Hindi,4
Hindi,6
Hindi,4
Hindi,5
Hindi,3
Hindi,4
Hindi,5
Hindi,3
Hindi,3
Hindi,4
Hindi,3
Hindi,4
Hindi,5
Hindi,5
Hindi,4
Hindi,4
Hindi,5
Hindi,5
Hindi,6
Hindi,5
Hindi,4
Hindi,3
Hindi,5
Hindi,5
Hindi,6
Hindi,4
Hindi,4
Hindi,5
Hindi,6
Hindi,7
Hindi,4
Hindi,4
Hindi,5
Hindi,6
Hindi,5
Hindi,4
Hindi,4
Hindi,3
Hindi,4
Hindi,5
Hindi,5
Hindi,5
Hindi,4
Hindi,5
Hindi,5
Hindi,4
Hindi,4
Hindi,6
Hindi,4
Hindi,5
Hindi,4
Hindi,6
Hindi,6
Hindi,5
Hindi,5
Hindi,3
Hindi,4
Hindi,6
Hindi,6
Hindi,5
Hindi,5
Hindi,5
Hindi,6
Hindi,4
Hindi,7
Hindi,5
Hindi,5
Hindi,5
Hindi,6
Hindi,5
Hindi,5
Hindi,6
Hindi,5
Hindi,4
Hindi,6
Hindi,4
Hindi,4
Hindi,4
Hindi,7
Hindi,3
Hindi,6
Hindi,4
Hindi,6
Hindi,6
Hindi,7
Hindi,3
Hindi,4
Hindi,5
Hindi,5
Hindi,5
Hindi,4
Hindi,6
Hindi,4
Hindi,5
Hindi,4
Hindi,6
Hindi,6
Hindi,5
Hindi,5
Hindi,6
Hindi,4
Hindi,4
Hindi,4
Hindi,6
Hindi,6
Hindi,5
Hindi,5
Hindi,5
Hindi,4
Hindi,5
Hindi,7
Hindi,4
Hindi,5
Hindi,4
Hindi,6
Hindi,7
Hindi,5
Hindi,5
Hindi,6
Hindi,5
Hindi,6
Hindi,5
Hindi,7
Hindi,6
Hindi,4
Hindi,5
Hindi,5
Hindi,5
Hindi,5
Hindi,5
Hindi,4
Hindi,6
Hindi,6
Hindi,4
Hindi,7
Hindi,5
Hindi,4
Hindi,4
Hindi,5
Hindi,5
Hindi,6
Hindi,4
Hindi,5
Hindi,4
Hindi,4
Hindi,6
Hindi,4
Hindi,4
Hindi,6
Hindi,5
Hindi,5
Hindi,4
Hindi,7
Hindi,5
Hindi,6
Hindi,6
Hindi,6
Hindi,7
Hindi,6
Hindi,5
Hindi,6
Hindi,6
Hindi,3
Hindi,5
Hindi,4
Hindi,5
Hindi,7
Hindi,5
Hindi,6
Hindi,5
Hindi,4
Hindi,5
Hindi,3
Hindi,5
Hindi,4
Hindi,6
Hindi,3
Hindi,4
Hindi,5
Hindi,5
Hindi,5
Hindi,6
Hindi,7
Hindi,5
Hindi,5
Hindi,7
Hindi,5
Hindi,6
Hindi,7
Hindi,5
Hindi,4
Hindi,5
Hindi,4
Hindi,5
Hindi,4
Hindi,5
Hindi,5
Hindi,4
Hindi,5
Hindi,5
Hindi,4
Hindi,4
Hindi,4
Hindi,6
Hindi,7
Hindi,5
Hindi,5
Hindi,4
Hindi,5
Hindi,5
Hindi,4
Hindi,7
Hindi,5
Hindi,5
Hindi,7
Hindi,6
Hindi,5
Hindi,4
Hindi,6
Hindi,4
Hindi,7
Hindi,6
Hindi,5
Hindi,5
Hindi,5
Hindi,4
Hindi,5
Hindi,3
Hindi,5
Hindi,4
Hindi,5
Hindi,7
Hindi,6
Hindi,4
Hindi,5
Hindi,3
Hindi,4
Hindi,5
Hindi,5
Hindi,7
Hindi,5
Hindi,6
Hindi,4
Hindi,4
Hindi,6
Hindi,6
Hindi,5
Hindi,6
Hindi,5
Hindi,4
Hindi,4
Hindi,7
Hindi,3
Hindi,6
Hindi,4
Hindi,6
Hindi,6
Hindi,5
Hindi,4
Hindi,4
Hindi,4
Hindi,5
Hindi,5
Hindi,5
Hindi,6
Hindi,7
Hindi,6
Hindi,8
Hindi,4
Hindi,4
Hindi,4
Hindi,6
Hindi,4
Hindi,3
Hindi,6
Hindi,6
Hindi,5
Hindi,4
Hindi,3
Hindi,4
Hindi,5
Hindi,6
Hindi,5
Hindi,5
Hindi,4
Hindi,4
Hindi,5
Hindi,5
Hindi,5
Hindi,5
Hindi,4
Hindi,4
Hindi,6
Hindi,6
Hindi,4
Hindi,5
Hindi,5
Hindi,5
Hindi,5
Hindi,5
Hindi,4
Hindi,6
Hindi,6
Hindi,6
Hindi,3
Hindi,5
Hindi,4
Hindi,4
Hindi,6
Hindi,6
Hindi,4
Hindi,5
Hindi,3
Hindi,5
Hindi,4
Hindi,5
Hindi,5
Hindi,4
Hindi,6
Hindi,4
Hindi,5
Hindi,3
Hindi,4
Hindi,3
Hindi,3
Hindi,5
Hindi,6
Hindi,7
Hindi,5
Hindi,3
Hindi,5
Hindi,6
Hindi,2
Hindi,5
Hindi,3
Hindi,3
Hindi,5
Hindi,4
Hindi,5
Hindi,6
Hindi,5
Hindi,5
Hindi,5
Hindi,4
Hindi,4
Hindi,5
Hindi,4
Hindi,6
Hindi,4
Hindi,4
Hindi,5
Hindi,5
Hindi,4
Hindi,4
Hindi,4
Hindi,5
Hindi,3
Hindi,3
Hindi,6
Hindi,4
Hindi,5
Hindi,5
Hindi,6
Hindi,5
Hindi,4
Hindi,5
Hindi,4
Hindi,6
Hindi,5
Hindi,6
Hindi,6
Hindi,5
Hindi,6
Hindi,5
Hindi,8
Hindi,5
Hindi,6
Hindi,7
Hindi,5
Hindi,7
Hindi,5
Hindi,3
Hindi,5
Hindi,4
Hindi,5
Hindi,5
Hindi,5
Hindi,3
Hindi,5
Hindi,4
Hindi,5
Hindi,6
Hindi,6
Hindi,6
Hindi,4
Hindi,7
Hindi,6
Hindi,5
Hindi,2
Hindi,5
Hindi,2
Hindi,4
Hindi,3
Hindi,4
Hindi,4
Hindi,4
Hindi,4
Hindi,3
Hindi,5
Hindi,4
Hindi,4
Hindi,4
Hindi,6
Hindi,6
Hindi,7
Hindi,6
Hindi,3
Hindi,8
Hindi,5
Hindi,6
Hindi,4
Hindi,4
Hindi,3
Hindi,6
Hindi,5
Hindi,3
Hindi,5
Hindi,5
Hindi,5
Hindi,5
Hindi,4
Hindi,4
Hindi,4
Hindi,3
Hindi,6
Hindi,5
Hindi,6
Hindi,4
Hindi,6
Hindi,5
Hindi,6
Hindi,6
Hindi,4
Hindi,7
Hindi,6
Hindi,5
Hindi,5
Hindi,4
Hindi,4
Hindi,5
Hindi,5
Hindi,4
Hindi,4
Hindi,4
Hindi,6
Hindi,3
Hindi,4
Hindi,7
Hindi,4
Hindi,5
Hindi,5
Hindi,7
Hindi,4
Hindi,6
Hindi,7
Hindi,5
Hindi,5
Hindi,5
Hindi,5
Hindi,5
Hindi,6
Hindi,5
Hindi,4
Hindi,4
Hindi,5
Hindi,7
Hindi,4
Hindi,3
Hindi,5
Hindi,4
Hindi,4
Hindi,4
Hindi,6
Hindi,5
Hindi,4
Hindi,6
Hindi,5
Hindi,6
Hindi,5
Hindi,5
Hindi,7
Hindi,5
Hindi,6
Hindi,7
Hindi,6
Hindi,5
Hindi,7
Hindi,6
Hindi,6
Hindi,4
Hindi,5
Hindi,5
Hindi,4
Hindi,5
Hindi,5
Hindi,3
Hindi,5
Hindi,4
Hindi,5
Hindi,6
Hindi,5
Hindi,5
Hindi,4
Hindi,5
Hindi,6
Hindi,4
Hindi,5
Hindi,5
Hindi,5
Hindi,5
Hindi,6
Hindi,6
Hindi,5
Hindi,6
Hindi,5
Hindi,5
Hindi,6
Hindi,4
Hindi,4
Hindi,4
Hindi,5
Hindi,4
Hindi,6
Hindi,7
Hindi,5
Hindi,4
Hindi,6
Hindi,5
Hindi,3
Hindi,6
Hindi,6
Hindi,5
Hindi,6
Hindi,5
Hindi,4
Hindi,4
Hindi,3
Hindi,4
Hindi,5
Hindi,4
Hindi,6
Hindi,5
Hindi,5
Hindi,5
Hindi,7
Hindi,5
Hindi,5
Hindi,3
Hindi,5
Hindi,6
Hindi,5
Hindi,6
Hindi,3
Hindi,5
Hindi,3
Hindi,4
Hindi,4
Hindi,4
Hindi,6
Hindi,7
Hindi,5
Hindi,4
Hindi,4
Hindi,7
Hindi,5
Hindi,5
Hindi,5
Hindi,5
Hindi,4
Hindi,4
Hindi,5
Hindi,7
Hindi,5
Hindi,4
Hindi,5
Hindi,4
Hindi,5
Hindi,6
Hindi,5
Hindi,5
Hindi,5
Hindi,5
Hindi,6
Hindi,5
Hindi,4
Hindi,6
Hindi,4
Hindi,8
Hindi,5
Hindi,7
Hindi,5
Hindi,5
Hindi,5
Hindi,6
Hindi,5
Hindi,4
Hindi,4
Hindi,5
Hindi,7
Hindi,5
Hindi,5
Hindi,4
Hindi,5
Hindi,4
Hindi,4
Hindi,6
Hindi,4
Hindi,5
Hindi,5
Hindi,5
Hindi,5
Hindi,4
Hindi,4
Hindi,4
Hindi,5
Hindi,4
Hindi,5
Hindi,6
Hindi,4
Hindi,2
Hindi,6
Hindi,6
Hindi,6
Hindi,5
Hindi,8
Hindi,6
Hindi,4
Hindi,7
Hindi,4
Hindi,5
Hindi,5
Hindi,6
Hindi,5
Hindi,4
Hindi,4
Hindi,5
Hindi,6
Hindi,4
Hindi,5
Hindi,7
Hindi,4
Hindi,5
Hindi,5
Hindi,4
Hindi,4
Hindi,6
Hindi,4
Hindi,4
Hindi,7
Hindi,5
Hindi,5
Hindi,5
Hindi,5
Hindi,3
Hindi,6
Hindi,5
Hindi,4
Hindi,5
Hindi,5
Hindi,5
Hindi,6
Hindi,5
Hindi,4
Hindi,4
Hindi,3
Hindi,6
Hindi,4
Hindi,4
Hindi,3
Hindi,6
Hindi,5
Hindi,4
Hindi,5
Hindi,9
Hindi,7
Hindi,5
Hindi,4
Hindi,5
Hindi,4
Hindi,7
Hindi,6
Hindi,5
Hindi,5
Hindi,4
Hindi,4
Hindi,4
Hindi,5
Hindi,4
Hindi,4
Hindi,5
Hindi,4
Hindi,5
Hindi,5
Hindi,5
Hindi,4
Hindi,5
Hindi,4
Hindi,5
Hindi,5
Hindi,5
Hindi,6
Hindi,4
Hindi,5
Hindi,4
Hindi,4
Hindi,4
Hindi,6
Hindi,5
Hindi,6
Hindi,6
Hindi,6
Hindi,6
Hindi,7
Hindi,8
Hindi,7
Hindi,4
Hindi,5
Hindi,6
Hindi,3
Hindi,4
Hindi,5
Hindi,6
Hindi,4
Hindi,4
Hindi,4
Hindi,4
Hindi,5
Hindi,4
Hindi,4
Hindi,4
Hindi,6
Hindi,4
Hindi,4
Hindi,5
Hindi,8
Hindi,5
Hindi,4
Hindi,5
Hindi,5
Hindi,6
Hindi,6
Hindi,5
Hindi,7
Hindi,6
Hindi,4
Hindi,4
Hindi,7
Hindi,6
Hindi,4
Hindi,7
Hindi,5
Hindi,4
Hindi,6
Hindi,4
Hindi,5
Hindi,3
Hindi,4
Hindi,4
Hindi,5
Hindi,6
Hindi,6
Hindi,4
Hindi,4
Hindi,5
Hindi,4
Hindi,7
Hindi,5
Hindi,5
Hindi,5
Hindi,7
Hindi,3
Hindi,3
Hindi,3
Hindi,5
Hindi,7
Hindi,5
Hindi,6
Hindi,4
Hindi,3
Hindi,3
Hindi,5
Hindi,4
Hindi,8
Hindi,4
Hindi,6
Hindi,5
Hindi,6
Hindi,5
Hindi,7
Hindi,5
Hindi,5
Hindi,5
Hindi,8
Hindi,9
Hindi,4
Hindi,5
Hindi,7
Hindi,4
Hindi,4
Hindi,5
Hindi,5
Hindi,5
Hindi,4
Hindi,5
Hindi,7
Hindi,5
Hindi,6
Hindi,4
Hindi,4
Hindi,5
Hindi,4
Hindi,5
Hindi,4
Hindi,3
Hindi,3
Hindi,5
Hindi,7
Hindi,8
Hindi,5
Hindi,5
Hindi,6
Hindi,5
Hindi,7
Hindi,5
Hindi,4
Hindi,5
Hindi,4
Hindi,5
Hindi,5
Hindi,5
Hindi,4
Hindi,6
Hindi,8
Hindi,6
Hindi,4
Hindi,4
Hindi,5
Hindi,5
Hindi,5
Hindi,4
Hindi,4
Hindi,5
Hindi,4
Hindi,6
Hindi,5
Hindi,3
Hindi,5
Hindi,6
Hindi,4
Hindi,6
Hindi,5
Hindi,4
Hindi,6
Hindi,5
Hindi,4
Hindi,4
Hindi,3
Hindi,5
Hindi,5
Hindi,5
Hindi,5
Hindi,5
Hindi,6
Hindi,7
Hindi,5
Hindi,4
Hindi,4
Hindi,5
Hindi,6
Hindi,4
Hindi,7
Hindi,5
Hindi,5
Hindi,7
Hindi,5
Hindi,5
Hindi,4
Hindi,5
Hindi,5
Hindi,3
Hindi,4
Hindi,5
Hindi,4
Hindi,5
Hindi,6
Hindi,6
Hindi,5
Hindi,7
Hindi,6
Hindi,4
Hindi,6
Hindi,4
Hindi,3
Hindi,4
Hindi,5
Hindi,5
Hindi,5
Hindi,5
Hindi,5
Hindi,5
Hindi,6
Hindi,5
Hindi,4
Hindi,4
Hindi,4
Hindi,6
Hindi,4
Hindi,3
Hindi,4
Hindi,5
Hindi,4
Hindi,5
Hindi,6
Hindi,3
Hindi,4
Hindi,4
Hindi,7
Hindi,6
Hindi,5
Hindi,7
Hindi,4
Hindi,3
Hindi,6
Hindi,5
Hindi,4
Hindi,4
Hindi,5
Hindi,6
Hindi,4
Hindi,4
Hindi,4
Hindi,4
Hindi,6
Hindi,5
Hindi,8
Hindi,6
Hindi,5
Hindi,5
Hindi,5
Hindi,4
Hindi,6
Hindi,5
Hindi,4
Hindi,7
Hindi,4
Hindi,5
Hindi,6
Hindi,6
Hindi,5
Hindi,5
Hindi,3
Hindi,5
Hindi,6
Hindi,5
Hindi,7
Hindi,4
Hindi,3
Hindi,4
Hindi,4
Hindi,7
Hindi,6
Hindi,5
Hindi,6
Hindi,7
Hindi,5
Hindi,5
Hindi,4
Hindi,5
Hindi,6
Hindi,5
Hindi,6
Hindi,6
Hindi,4
Hindi,6
Hindi,5
Hindi,3
Hindi,5
Hindi,4
Hindi,4
Hindi,7
Hindi,4
Hindi,5
Hindi,4
Hindi,5
Hindi,7
Hindi,6
Hindi,5
Hindi,4
Hindi,4
Hindi,5
Hindi,5
Hindi,5
Hindi,5
Hindi,6
Hindi,5
Hindi,4
Hindi,6
Hindi,5
Hindi,4
Hindi,5
Hindi,5
Hindi,6
Hindi,6
Hindi,4
Hindi,4
Hindi,4
Hindi,6
Hindi,7
Hindi,5
Hindi,4
Hindi,4
Hindi,7
Hindi,8
Hindi,6
Hindi,5
Hindi,7
Hindi,4
Hindi,6
Hindi,7
Hindi,4
Hindi,7
Hindi,6
Hindi,5
Hindi,5
Hindi,5
Hindi,4
Hindi,5
Hindi,4
Hindi,5
Hindi,6
Hindi,3
Hindi,5
Hindi,5
Hindi,6
Hindi,5
Hindi,5
Hindi,4
Hindi,6
Hindi,6
Hindi,3
Hindi,4
Hindi,4
Hindi,5
Hindi,6
Hindi,5
Hindi,7
Hindi,5
Hindi,4
Hindi,4
Hindi,3
Hindi,4
Hindi,6
Hindi,6
Hindi,5
Hindi,6
Hindi,5
Hindi,5
Hindi,6
Hindi,6
Hindi,3
Hindi,4
Hindi,6
Hindi,6
Hindi,3
Hindi,6
Hindi,3
Hindi,6
Hindi,4
Hindi,5
Hindi,4
Hindi,5
Hindi,5
Hindi,7
Hindi,5
Hindi,4
Hindi,3
Hindi,4
Hindi,5
Hindi,4
Hindi,6
Hindi,3
Hindi,4
Hindi,4
Hindi,5
Hindi,5
Hindi,4
Hindi,4
Hindi,6
Hindi,6
Hindi,4
Hindi,6
Hindi,6
Hindi,4
Hindi,3
Hindi,3
Hindi,4
Hindi,5
Hindi,6
Hindi,6
Hindi,4
Hindi,7
Hindi,6
Hindi,5
Hindi,4
Hindi,7
Hindi,4
Hindi,5
Hindi,6
Hindi,4
Hindi,4
Hindi,5
Hindi,7
Hindi,4
Hindi,6
Hindi,4
Hindi,5
Hindi,5
Hindi,4
Hindi,3
Hindi,5
Hindi,4
Hindi,3
Hindi,5
Hindi,4
Hindi,6
Hindi,6
Hindi,5
Hindi,5
Hindi,5
Hindi,5
Hindi,6
Hindi,6
Hindi,4
Hindi,4
Hindi,6
Hindi,7
Hindi,5
Hindi,4
Hindi,5
Hindi,5
Hindi,5
Hindi,4
Hindi,6
Hindi,5
Hindi,5
Hindi,4
Hindi,4
Hindi,5
Hindi,5
Hindi,5
Hindi,5
Hindi,2
Hindi,4
Hindi,5
Hindi,7
Hindi,3
Hindi,6
Hindi,3
Hindi,4
Hindi,5
Hindi,4
Hindi,6
Hindi,5
Hindi,5
Hindi,4
Hindi,7
Hindi,5
Hindi,5
Hindi,5
Hindi,6
Hindi,6
Hindi,5
Hindi,4
Hindi,4
Hindi,5
Hindi,7
Hindi,5
Hindi,6
Hindi,5
Hindi,4
Hindi,3
Hindi,5
Hindi,4
Hindi,5
Hindi,7
Hindi,7
Hindi,5
Hindi,6
Hindi,5
Hindi,5
Hindi,5
Hindi,8
Hindi,6
Hindi,5
Hindi,7
Hindi,5
Hindi,6
Hindi,5
Hindi,6
Hindi,7
Hindi,5
Hindi,5
Hindi,5
Hindi,3
Hindi,5
Hindi,5
Hindi,4
Hindi,5
Hindi,4
Hindi,4
Hindi,4
Hindi,5
Hindi,6
Hindi,5
Hindi,5
Hindi,4
Hindi,4
Hindi,4
Hindi,4
Hindi,5
Hindi,4
Hindi,5
Hindi,5
Hindi,6
Hindi,5
Hindi,5
Hindi,5
Hindi,7
Hindi,5
Hindi,4
Hindi,4
Hindi,7
Hindi,5
Hindi,5
Hindi,5
Hindi,5
Hindi,6
Hindi,5
Hindi,7
Hindi,4
Hindi,4
Hindi,6
Hindi,6
Hindi,5
Hindi,5
Hindi,5
Hindi,6
Hindi,5
Hindi,3
Hindi,6
Hindi,5
Hindi,7
Hindi,3
Hindi,6
Hindi,5
Hindi,4
Hindi,4
Hindi,4
Hindi,7
Hindi,6
Hindi,3
Hindi,4
Hindi,6
Hindi,5
Hindi,6
Hindi,4
Hindi,4
Hindi,4
Hindi,6
Hindi,5
Hindi,4
Hindi,8
Hindi,5
Hindi,6
Hindi,7
Hindi,6
Hindi,6
Hindi,5
Hindi,6
Hindi,4
Hindi,5
Hindi,4
Hindi,6
Hindi,5
Hindi,6
Hindi,4
Hindi,6
Hindi,4
Hindi,6
Hindi,5
Hindi,4
Hindi,5
Hindi,5
Hindi,6
Hindi,7
Hindi,5
Hindi,4
Hindi,6
Hindi,5
Hindi,4
Hindi,4
Hindi,6
Hindi,5
Hindi,4
Hindi,4
Hindi,7
Hindi,5
Hindi,5
Hindi,4
Hindi,7
Hindi,4
Hindi,5
Hindi,7
Hindi,5
Hindi,4
Hindi,5
Hindi,4
Hindi,5
Hindi,8
Hindi,4
Hindi,5
Hindi,5
Hindi,5
Hindi,6
Hindi,4
Hindi,6
Hindi,4
Hindi,4
Hindi,5
Hindi,5
Hindi,5
Hindi,6
Hindi,5
Hindi,5
Hindi,4
Hindi,5
Hindi,3
Hindi,3
Hindi,4
Hindi,4
Hindi,4
Hindi,4
Hindi,6
Hindi,4
Hindi,7
Hindi,4
Hindi,5
Hindi,6
Hindi,4
Hindi,5
Hindi,7
Hindi,7
Hindi,4
Hindi,5
Hindi,4
Hindi,4
Hindi,3
Hindi,4
Hindi,5
Hindi,3
Hindi,5
Hindi,5
Hindi,4
Hindi,5
Hindi,2
Hindi,4
Hindi,7
Hindi,4
Hindi,4
Hindi,4
Hindi,5
Hindi,5
Hindi,7
Hindi,4
Hindi,5
Hindi,6
Hindi,6
Hindi,5
Hindi,5
Hindi,6
Hindi,6
Hindi,4
Hindi,5
Hindi,6
Hindi,5
Hindi,3
Hindi,5
Hindi,6
Hindi,4
Hindi,6
Hindi,6
Hindi,7
Hindi,4
Hindi,5
Hindi,5
Hindi,3
Hindi,4
Hindi,7
Hindi,4
Hindi,6
Hindi,5
Hindi,5
Hindi,5
Hindi,5
Hindi,6
Hindi,4
Hindi,5
Hindi,6
Hindi,5
Hindi,5
Hindi,3
Hindi,6
Hindi,4
Hindi,5
Hindi,5
Hindi,7
Hindi,4
Hindi,4
Hindi,4
Hindi,5
Hindi,8
Hindi,5
Hindi,3
Hindi,4
Hindi,4
Hindi,5
Hindi,5
Hindi,5
Hindi,6
Hindi,7
Hindi,6
Hindi,4
Hindi,5
Hindi,5
Hindi,4
Hindi,7
Hindi,5
Hindi,6
Hindi,5
Hindi,4
Hindi,5
Hindi,6
Hindi,4
Hindi,5
Hindi,6
Hindi,4
Hindi,4
Hindi,5
Hindi,6
Hindi,5
Hindi,6
Hindi,6
Hindi,3
Hindi,5
Hindi,5
Hindi,5
Hindi,4
Hindi,4
Hindi,5
Hindi,3
Hindi,3
Hindi,4
Hindi,4
Hindi,5
Hindi,5
Hindi,5
Hindi,6
Hindi,4
Hindi,6
Hindi,3
Hindi,5
Hindi,4
Hindi,5
Hindi,5
Hindi,5
Hindi,4
Hindi,4
Hindi,6
Hindi,5
Hindi,4
Hindi,6
Hindi,4
Hindi,7
Hindi,6
Hindi,5
Hindi,7
Hindi,4
Hindi,5
Hindi,4
Hindi,6
Hindi,5
Hindi,4
Hindi,5
Hindi,4
Hindi,5
Hindi,4
Hindi,5
Hindi,5
Hindi,4
Hindi,4
Hindi,5
Hindi,5
Hindi,5
Hindi,5
Hindi,5
Hindi,4
Hindi,5
Hindi,4
Hindi,6
Hindi,6
Hindi,5
Hindi,5
Hindi,5
Hindi,4
Hindi,4
Hindi,6
Hindi,6
Hindi,6
Hindi,7
Hindi,5
Hindi,5
Hindi,5
Hindi,3
Hindi,5
Hindi,5
Hindi,5
Hindi,4
Hindi,4
Hindi,6
Hindi,5
Hindi,6
Hindi,4
Hindi,7
Hindi,3
Hindi,5
Hindi,4
Hindi,5
Hindi,4
Hindi,4
Hindi,4
Hindi,5
Hindi,5
Hindi,4
Hindi,5
Hindi,6
Hindi,4
Hindi,7
Hindi,5
Hindi,7
Hindi,4
Hindi,5
Hindi,3
Hindi,7
Hindi,6
Hindi,4
Hindi,4
Hindi,5
Hindi,4
Hindi,4
Hindi,6
Hindi,4
Hindi,6
Hindi,5
Hindi,5
Hindi,6
Hindi,5
Hindi,4
Hindi,3
Hindi,5
Hindi,6
Hindi,4
Hindi,5
Hindi,4
Hindi,5
Hindi,6
Hindi,5
Hindi,5
Hindi,4
Hindi,4
Hindi,4
Hindi,5
Hindi,7
Hindi,7
Hindi,7
Hindi,4
Hindi,4
Hindi,3
Hindi,5
Hindi,6
Hindi,6
Hindi,4
Hindi,6
Hindi,5
Hindi,4
Hindi,6
Hindi,3
Hindi,7
Hindi,5
Hindi,6
Hindi,6
Hindi,4
Hindi,5
Hindi,5
Hindi,5
Hindi,5
Hindi,6
Hindi,3
Hindi,7
Hindi,4
Hindi,4
Hindi,7
Hindi,6
Hindi,6
Hindi,5
Hindi,4
Hindi,5
Hindi,4
Hindi,5
Hindi,5
Hindi,5
Hindi,4
Hindi,4
Hindi,4
Hindi,6
Hindi,5
Hindi,7
Hindi,5
Hindi,4
Hindi,4
Hindi,5
Hindi,6
Hindi,9
Hindi,6
Hindi,5
Hindi,6
Hindi,4
Hindi,5
Hindi,5
Hindi,6
Hindi,4
Hindi,5
Hindi,4
Hindi,6
Hindi,5
Hindi,4
Hindi,4
Hindi,5
Hindi,3
Hindi,6
Hindi,6
Hindi,6
Hindi,4
Hindi,4
Hindi,3
Hindi,6
Hindi,8
Hindi,5
Hindi,5
Hindi,5
Hindi,6
Hindi,6
Hindi,3
Hindi,6
Hindi,6
Hindi,5
Hindi,5
Hindi,4
Hindi,4
Hindi,7
Hindi,5
Hindi,7
Hindi,4
Hindi,4
Hindi,5
Hindi,6
Hindi,6
Hindi,4
Hindi,5
Hindi,4
Hindi,5
Hindi,4
Hindi,4
Hindi,3
Hindi,5
Hindi,5
Hindi,5
Hindi,5
Hindi,4
Hindi,5
Hindi,4
Hindi,7
Hindi,6
Hindi,4
Hindi,4
Hindi,5
Hindi,4
Hindi,3
Hindi,4
Hindi,6
Hindi,4
Hindi,5
Hindi,6
Hindi,6
Hindi,4
Hindi,6
Hindi,5
Hindi,3
Hindi,3
Hindi,6
Hindi,6
Hindi,3
Hindi,4
Hindi,5
Hindi,7
Hindi,3
Hindi,6
Hindi,6
Hindi,6
Hindi,7
Hindi,6
Hindi,6
Hindi,5
Hindi,5
Hindi,4
Hindi,6
Hindi,4
Hindi,6
Hindi,4
Hindi,5
Hindi,5
Hindi,6
Hindi,5
Hindi,5
Hindi,5
Hindi,4
Hindi,6
Hindi,4
Hindi,6
Hindi,4
Hindi,7
Hindi,4
Hindi,6
Hindi,6
Hindi,4
Hindi,4
Hindi,5
Hindi,5
Hindi,6
Hindi,5
Hindi,6
Hindi,6
Hindi,5
Hindi,4
Hindi,3
Hindi,5
Hindi,3
Hindi,4
Hindi,4
Hindi,5
Hindi,4
Hindi,6
Hindi,4
Hindi,4
Hindi,5
Hindi,5
Hindi,5
Hindi,7
Hindi,6
Hindi,5
Hindi,4
Hindi,5
Hindi,6
Hindi,5
Hindi,4
Hindi,7
Hindi,5
Hindi,5
Hindi,4
Hindi,5
Hindi,3
Hindi,3
Hindi,5
Hindi,6
Hindi,4
Hindi,5
Hindi,5
Hindi,3
Hindi,5
Hindi,3
Hindi,4
Hindi,3
Hindi,4
Hindi,5
Hindi,3
Hindi,3
Hindi,5
Hindi,4
Hindi,5
Hindi,6
Hindi,4
Hindi,4
Hindi,4
Hindi,4
Hindi,3
Hindi,5
Hindi,3
Hindi,5
Hindi,4
Hindi,5
Hindi,7
Hindi,6
Hindi,5
Hindi,6
Hindi,7
Hindi,5
Hindi,6
Hindi,4
Hindi,4
Hindi,4
Hindi,6
Hindi,3
Hindi,4
Hindi,6
Hindi,4
Hindi,6
Hindi,6
Hindi,6
Hindi,5
Hindi,6
Hindi,7
Hindi,5
Hindi,5
Hindi,5
Hindi,7
Hindi,5
Hindi,5
Hindi,3
Hindi,5
Hindi,6
Hindi,7
Hindi,5
Hindi,6
Hindi,4
Hindi,8
Hindi,5
Hindi,7
Hindi,5
Hindi,4
Hindi,5
Hindi,4
Hindi,6
Hindi,6
Hindi,6
Hindi,5
Hindi,6
Hindi,4
Hindi,8
Hindi,5
Hindi,6
Hindi,6
Hindi,6
Hindi,5
Hindi,5
Hindi,4
Hindi,5
Hindi,3
Hindi,4
Hindi,5
Hindi,6
Hindi,4
Hindi,7
Hindi,3
Hindi,5
Hindi,5
Hindi,4
Hindi,6
Hindi,4
Hindi,3
Hindi,5
Hindi,4
Hindi,3
Hindi,6
Hindi,4
Hindi,4
Hindi,6
Hindi,5
Hindi,4
Japanese,4
Japanese,2
Japanese,2
Japanese,3
Japanese,5
Japanese,3
Japanese,5
Japanese,3
Japanese,4
Japanese,3
Japanese,3
Japanese,3
Japanese,3
Japanese,3
Japanese,5
Japanese,4
Japanese,6
Japanese,6
Japanese,6
Japanese,2
Japanese,3
Japanese,5
Japanese,5
Japanese,3
Japanese,5
Japanese,5
Japanese,7
Japanese,4
Japanese,5
Japanese,5
Japanese,6
Japanese,3
Japanese,4
Japanese,3
Japanese,3
Japanese,4
Japanese,5
Japanese,3
Japanese,3
Japanese,4
Japanese,4
Japanese,6
Japanese,4
Japanese,5
Japanese,3
Japanese,4
Japanese,4
Japanese,4
Japanese,4
Japanese,2
Japanese,5
Japanese,3
Japanese,3
Japanese,4
Japanese,4
Japanese,5
Japanese,2
Japanese,7
Japanese,6
Japanese,4
Japanese,2
Japanese,3
Japanese,4
Japanese,4
Japanese,6
Japanese,3
Japanese,3
Japanese,4
Japanese,4
Japanese,4
Japanese,6
Japanese,3
Japanese,5
Japanese,5
Japanese,5
Japanese,5
Japanese,3
Japanese,3
Japanese,3
Japanese,3
Japanese,3
Japanese,3
Japanese,5
Japanese,2
Japanese,3
Japanese,3
Japanese,6
Japanese,2
Japanese,2
Japanese,3
Japanese,3
Japanese,3
Japanese,3
Japanese,4
Japanese,4
Japanese,4
Japanese,6
Japanese,3
Japanese,4
Japanese,5
Japanese,4
Japanese,4
Japanese,3
Japanese,4
Japanese,4
Japanese,3
Japanese,2
Japanese,3
Japanese,4
Japanese,2
Japanese,5
Japanese,6
Japanese,6
Japanese,4
Japanese,4
Japanese,6
Japanese,3
Japanese,4
Japanese,4
Japanese,5
Japanese,3
Japanese,7
Japanese,3
Japanese,4
Japanese,3
Japanese,5
Japanese,6
Japanese,3
Japanese,2
Japanese,3
Japanese,7
Japanese,3
Japanese,4
Japanese,6
Japanese,7
Japanese,5
Japanese,2
Japanese,4
Japanese,4
Japanese,4
Japanese,5
Japanese,4
Japanese,3
Japanese,3
Japanese,3
Japanese,6
Japanese,4
Japanese,6
Japanese,3
Japanese,5
Japanese,3
Japanese,5
Japanese,4
Japanese,4
Japanese,3
Japanese,3
Japanese,3
Japanese,5
Japanese,4
Japanese,4
Japanese,2
Japanese,4
Japanese,3
Japanese,3
Japanese,3
Japanese,4
Japanese,3
Japanese,3
Japanese,3
Japanese,3
Japanese,2
Japanese,3
Japanese,3
Japanese,4
Japanese,5
Japanese,3
Japanese,4
Japanese,4
Japanese,4
Japanese,4
Japanese,3
Japanese,4
Japanese,4
Japanese,4
Japanese,4
Japanese,5
Japanese,4
Japanese,3
Japanese,3
Japanese,3
Japanese,3
Japanese,3
Japanese,5
Japanese,5
Japanese,2
Japanese,3
Japanese,4
Japanese,4
Japanese,4
Japanese,4
Japanese,3
Japanese,3
Japanese,3
Japanese,4
Japanese,4
Japanese,5
Japanese,5
Japanese,4
Japanese,4
Japanese,4
Japanese,3
Japanese,3
Japanese,5
Japanese,5
Japanese,4
Japanese,3
Japanese,5
Japanese,3
Japanese,5
Japanese,6
Japanese,3
Japanese,3
Japanese,5
Japanese,5
Japanese,5
Japanese,3
Japanese,5
Japanese,4
Japanese,2
Japanese,5
Japanese,4
Japanese,3
Japanese,4
Japanese,4
Japanese,3
Japanese,3
Japanese,7
Japanese,4
Japanese,7
Japanese,4
Japanese,3
Japanese,4
Japanese,4
Japanese,7
Japanese,4
Japanese,2
Japanese,5
Japanese,4
Japanese,5
Japanese,5
Japanese,3
Japanese,4
Japanese,2
Japanese,4
Japanese,3
Japanese,3
Japanese,4
Japanese,4
Japanese,5
Japanese,3
Japanese,2
Japanese,6
Japanese,4
Japanese,4
Japanese,3
Japanese,3
Japanese,5
Japanese,4
Japanese,3
Japanese,4
Japanese,4
Japanese,7
Japanese,4
Japanese,5
Japanese,3
Japanese,2
Japanese,6
Japanese,3
Japanese,6
Japanese,6
Japanese,4
Japanese,4
Japanese,5
Japanese,5
Japanese,4
Japanese,4
Japanese,5
Japanese,4
Japanese,4
Japanese,4
Japanese,1
Japanese,4
Japanese,2
Japanese,2
Japanese,4
Japanese,5
Japanese,4
Japanese,11
Japanese,5
Japanese,5
Japanese,4
Japanese,3
Japanese,2
Japanese,4
Japanese,3
Japanese,2
Japanese,4
Japanese,3
Japanese,6
Japanese,3
Japanese,3
Japanese,4
Japanese,4
Japanese,4
Japanese,4
Japanese,4
Japanese,4
Japanese,5
Japanese,7
Japanese,6
Japanese,2
Japanese,5
Japanese,3
Japanese,4
Japanese,2
Japanese,5
Japanese,4
Japanese,4
Japanese,7
Japanese,2
Japanese,4
Japanese,4
Japanese,4
Japanese,4
Japanese,3
Japanese,3
Japanese,2
Japanese,3
Japanese,4
Japanese,4
Japanese,4
Japanese,4
Japanese,5
Japanese,4
Japanese,2
Japanese,3
Japanese,4
Japanese,3
Japanese,5
Japanese,6
Japanese,4
Japanese,5
Japanese,6
Japanese,4
Japanese,5
Japanese,7
Japanese,3
Japanese,7
Japanese,3
Japanese,3
Japanese,3
Japanese,5
Japanese,4
Japanese,4
Japanese,4
Japanese,4
Japanese,5
Japanese,3
Japanese,5
Japanese,4
Japanese,4
Japanese,3
Japanese,3
Japanese,6
Japanese,4
Japanese,3
Japanese,3
Japanese,4
Japanese,5
Japanese,4
Japanese,3
Japanese,5
Japanese,5
Japanese,3
Japanese,5
Japanese,4
Japanese,4
Japanese,3
Japanese,4
Japanese,3
Japanese,3
Japanese,4
Japanese,5
Japanese,5
Japanese,7
Japanese,4
Japanese,5
Japanese,3
Japanese,5
Japanese,6
Japanese,5
Japanese,5
Japanese,6
Japanese,5
Japanese,7
Japanese,3
Japanese,4
Japanese,3
Japanese,6
Japanese,5
Japanese,3
Japanese,3
Japanese,3
Japanese,4
Japanese,6
Japanese,3
Japanese,6
Japanese,3
Japanese,3
Japanese,3
Japanese,2
Japanese,4
Japanese,4
Japanese,3
Japanese,3
Japanese,3
Japanese,3
Japanese,2
Japanese,7
Japanese,2
Japanese,5
Japanese,4
Japanese,3
Japanese,5
Japanese,4
Japanese,6
Japanese,2
Japanese,5
Japanese,4
Japanese,4
Japanese,5
Japanese,4
Japanese,5
Japanese,2
Japanese,5
Japanese,5
Japanese,4
Japanese,3
Japanese,3
Japanese,2
Japanese,3
Japanese,5
Japanese,4
Japanese,2
Japanese,4
Japanese,5
Japanese,4
Japanese,5
Japanese,4
Japanese,5
Japanese,3
Japanese,7
Japanese,6
Japanese,4
Japanese,3
Japanese,2
Japanese,3
Japanese,1
Japanese,3
Japanese,6
Japanese,5
Japanese,2
Japanese,5
Japanese,7
Japanese,4
Japanese,6
Japanese,6
Japanese,4
Japanese,3
Japanese,3
Japanese,4
Japanese,4
Japanese,6
Japanese,6
Japanese,5
Japanese,4
Japanese,2
Japanese,3
Japanese,5
Japanese,5
Japanese,6
Japanese,3
Japanese,3
Japanese,4
Japanese,6
Japanese,7
Japanese,3
Japanese,3
Japanese,6
Japanese,4
Japanese,4
Japanese,6
Japanese,5
Japanese,4
Japanese,3
Japanese,3
Japanese,3
Japanese,3
Japanese,3
Japanese,4
Japanese,3
Japanese,3
Japanese,3
Japanese,4
Japanese,3
Japanese,4
Japanese,3
Japanese,5
Japanese,5
Japanese,5
Japanese,6
Japanese,5
Japanese,5
Japanese,4
Japanese,4
Japanese,5
Japanese,3
Japanese,4
Japanese,4
Japanese,4
Japanese,2
Japanese,6
Japanese,5
Japanese,3
Japanese,3
Japanese,4
Japanese,3
Japanese,5
Japanese,5
Japanese,4
Japanese,3
Japanese,5
Japanese,2
Japanese,2
Japanese,4
Japanese,2
Japanese,4
Japanese,3
Japanese,5
Japanese,3
Japanese,5
Japanese,5
Japanese,4
Japanese,4
Japanese,5
Japanese,2
Japanese,5
Japanese,5
Japanese,1
Japanese,5
Japanese,4
Japanese,7
Japanese,4
Japanese,4
Japanese,4
Japanese,5
Japanese,2
Japanese,6
Japanese,4
Japanese,3
Japanese,5
Japanese,3
Japanese,5
Japanese,6
Japanese,2
Japanese,3
Japanese,7
Japanese,2
Japanese,4
Japanese,3
Japanese,4
Japanese,3
Japanese,4
Japanese,5
Japanese,4
Japanese,5
Japanese,5
Japanese,6
Japanese,3
Japanese,2
Japanese,2
Japanese,6
Japanese,3
Japanese,6
Japanese,5
Japanese,4
Japanese,5
Japanese,4
Japanese,3
Japanese,3
Japanese,4
Japanese,5
Japanese,5
Japanese,4
Japanese,5
Japanese,3
Japanese,5
Japanese,3
Japanese,2
Japanese,6
Japanese,4
Japanese,4
Japanese,4
Japanese,2
Japanese,3
Japanese,3
Japanese,5
Japanese,5
Japanese,5
Japanese,4
Japanese,3
Japanese,5
Japanese,5
Japanese,4
Japanese,3
Japanese,5
Japanese,5
Japanese,3
Japanese,3
Japanese,3
Japanese,3
Japanese,3
Japanese,3
Japanese,6
Japanese,4
Japanese,3
Japanese,3
Japanese,5
Japanese,4
Japanese,3
Japanese,4
Japanese,3
Japanese,3
Japanese,3
Japanese,6
Japanese,3
Japanese,4
Japanese,4
Japanese,4
Japanese,5
Japanese,3
Japanese,3
Japanese,3
Japanese,3
Japanese,5
Japanese,2
Japanese,7
Japanese,3
Japanese,5
Japanese,2
Japanese,4
Japanese,3
Japanese,3
Japanese,3
Japanese,4
Japanese,5
Japanese,4
Japanese,4
Japanese,3
Japanese,3
Japanese,2
Japanese,6
Japanese,3
Japanese,2
Japanese,3
Japanese,4
Japanese,6
Japanese,3
Japanese,2
Japanese,6
Japanese,6
Japanese,6
Japanese,7
Japanese,3
Japanese,6
Japanese,3
Japanese,4
Japanese,4
Japanese,6
Japanese,6
Japanese,4
Japanese,3
Japanese,4
Japanese,5
Japanese,2
Japanese,3
Japanese,4
Japanese,7
Japanese,3
Japanese,8
Japanese,10
Japanese,5
Japanese,4
Japanese,2
Japanese,5
Japanese,2
Japanese,3
Japanese,3
Japanese,5
Japanese,4
Japanese,6
Japanese,3
Japanese,3
Japanese,3
Japanese,5
Japanese,4
Japanese,3
Japanese,5
Japanese,3
Japanese,3
Japanese,5
Japanese,7
Japanese,3
Japanese,5
Japanese,3
Japanese,3
Japanese,5
Japanese,4
Japanese,6
Japanese,4
Japanese,3
Japanese,3
Japanese,4
Japanese,3
Japanese,3
Japanese,6
Japanese,6
Japanese,3
Japanese,4
Japanese,3
Japanese,5
Japanese,4
Japanese,4
Japanese,3
Japanese,2
Japanese,3
Japanese,4
Japanese,4
Japanese,4
Japanese,4
Japanese,4
Japanese,2
Japanese,4
Japanese,4
Japanese,3
Japanese,3
Japanese,5
Japanese,3
Japanese,2
Japanese,4
Japanese,6
Japanese,2
Japanese,5
Japanese,3
Japanese,6
Japanese,4
Japanese,5
Japanese,4
Japanese,4
Japanese,2
Japanese,4
Japanese,5
Japanese,5
Japanese,6
Japanese,5
Japanese,3
Japanese,5
Japanese,3
Japanese,3
Japanese,6
Japanese,5
Japanese,4
Japanese,5
Japanese,5
Japanese,4
Japanese,3
Japanese,2
Japanese,5
Japanese,4
Japanese,4
Japanese,4
Japanese,4
Japanese,5
Japanese,5
Japanese,4
Japanese,4
Japanese,5
Japanese,2
Japanese,7
Japanese,3
Japanese,3
Japanese,4
Japanese,4
Japanese,4
Japanese,5
Japanese,4
Japanese,5
Japanese,3
Japanese,4
Japanese,6
Japanese,3
Japanese,5
Japanese,5
Japanese,5
Japanese,3
Japanese,3
Japanese,3
Japanese,4
Japanese,3
Japanese,3
Japanese,4
Japanese,3
Japanese,2
Japanese,5
Japanese,3
Japanese,4
Japanese,4
Japanese,4
Japanese,5
Japanese,3
Japanese,2
Japanese,1
Japanese,4
Japanese,5
Japanese,2
Japanese,4
Japanese,4
Japanese,4
Japanese,3
Japanese,3
Japanese,4
Japanese,4
Japanese,5
Japanese,4
Japanese,5
Japanese,3
Japanese,5
Japanese,3
Japanese,3
Japanese,3
Japanese,3
Japanese,7
Japanese,4
Japanese,5
Japanese,3
Japanese,3
Japanese,3
Japanese,3
Japanese,4
Japanese,2
Japanese,4
Japanese,3
Japanese,5
Japanese,4
Japanese,6
Japanese,3
Japanese,4
Japanese,5
Japanese,4
Japanese,4
Japanese,4
Japanese,3
Japanese,5
Japanese,3
Japanese,4
Japanese,4
Japanese,5
Japanese,2
Japanese,3
Japanese,4
Japanese,5
Japanese,6
Japanese,4
Japanese,4
Japanese,6
Japanese,4
Japanese,6
Japanese,3
Japanese,4
Japanese,4
Japanese,7
Japanese,4
Japanese,6
Japanese,5
Japanese,3
Japanese,6
Japanese,3
Japanese,4
Japanese,4
Japanese,3
Japanese,3
Japanese,4
Japanese,6
Japanese,3
Japanese,3
Japanese,5
Japanese,4
Japanese,3
Japanese,3
Japanese,3
Japanese,3
Japanese,3
Japanese,4
Japanese,5
Japanese,5
Japanese,3
Japanese,4
Japanese,3
Japanese,2
Japanese,5
Japanese,5
Japanese,5
Japanese,3
Japanese,4
Japanese,3
Japanese,6
Japanese,3
Japanese,4
Japanese,4
Japanese,5
Japanese,4
Japanese,4
Japanese,3
Japanese,3
Japanese,4
Japanese,3
Japanese,3
Japanese,5
Japanese,5
Japanese,4
Japanese,3
Japanese,2
Japanese,3
Japanese,8
Japanese,5
Japanese,4
Japanese,3
Japanese,3
Japanese,2
Japanese,6
Japanese,5
Japanese,4
Japanese,4
Japanese,5
Japanese,4
Japanese,3
Japanese,6
Japanese,2
Japanese,4
Japanese,5
Japanese,4
Japanese,5
Japanese,4
Japanese,5
Japanese,2
Japanese,3
Japanese,5
Japanese,3
Japanese,3
Japanese,4
Japanese,6
Japanese,5
Japanese,3
Japanese,2
Japanese,3
Japanese,4
Japanese,4
Japanese,5
Japanese,3
Japanese,4
Japanese,3
Japanese,3
Japanese,5
Japanese,2
Japanese,2
Japanese,4
Japanese,4
Japanese,4
Japanese,5
Japanese,3
Japanese,5
Japanese,3
Japanese,6
Japanese,4
Japanese,4
Japanese,4
Japanese,4
Japanese,4
Japanese,5
Japanese,4
Japanese,2
Japanese,6
Japanese,4
Japanese,3
Japanese,2
Japanese,4
Japanese,7
Japanese,4
Japanese,5
Japanese,8
Japanese,2
Japanese,5
Japanese,3
Japanese,4
Japanese,3
Japanese,7
Japanese,4
Japanese,3
Japanese,3
Japanese,3
Japanese,4
Japanese,3
Japanese,3
Japanese,4
Japanese,3
Japanese,3
Japanese,4
Japanese,6
Japanese,4
Japanese,2
Japanese,5
Japanese,2
Japanese,4
Japanese,4
Japanese,2
Japanese,4
Japanese,4
Japanese,2
Japanese,5
Japanese,2
Japanese,3
Japanese,4
Japanese,1
Japanese,3
Japanese,5
Japanese,5
Japanese,3
Japanese,7
Japanese,5
Japanese,3
Japanese,3
Japanese,6
Japanese,3
Japanese,4
Japanese,5
Japanese,2
Japanese,3
Japanese,5
Japanese,2
Japanese,3
Japanese,4
Japanese,3
Japanese,3
Japanese,5
Japanese,4
Japanese,3
Japanese,3
Japanese,3
Japanese,3
Japanese,5
Japanese,3
Japanese,8
Japanese,2
Japanese,4
Japanese,3
Japanese,3
Japanese,4
Japanese,4
Japanese,6
Japanese,3
Japanese,4
Japanese,6
Japanese,4
Japanese,3
Japanese,4
Japanese,5
Japanese,2
Japanese,5
Japanese,4
Japanese,5
Japanese,4
Japanese,4
Japanese,3
Japanese,2
Japanese,4
Japanese,5
Japanese,3
Japanese,3
Japanese,3
Japanese,3
Japanese,4
Japanese,4
Japanese,3
Japanese,3
Japanese,5
Japanese,5
Japanese,2
Japanese,4
Japanese,5
Japanese,6
Japanese,3
Japanese,3
Japanese,3
Japanese,4
Japanese,4
Japanese,4
Japanese,6
Japanese,4
Japanese,3
Japanese,5
Japanese,4
Japanese,6
Japanese,5
Japanese,2
Japanese,4
Japanese,2
Japanese,3
Japanese,4
Japanese,2
Japanese,3
Japanese,2
Japanese,7
Japanese,5
Japanese,3
Japanese,3
Japanese,4
Japanese,4
Japanese,3
Japanese,4
Japanese,4
Japanese,5
Japanese,4
Japanese,2
Japanese,3
Japanese,2
Japanese,5
Japanese,3
Japanese,4
Japanese,4
Japanese,5
Japanese,4
Japanese,7
Japanese,4
Japanese,4
Japanese,3
Japanese,3
Japanese,6
Japanese,4
Japanese,4
Japanese,3
Japanese,5
Japanese,3
Japanese,5
Japanese,4
Japanese,4
Japanese,4
Japanese,5
Japanese,4
Japanese,3
Japanese,5
Japanese,4
Japanese,3
Japanese,6
Japanese,6
Japanese,3
Japanese,7
Japanese,7
Japanese,5
Japanese,4
Japanese,2
Japanese,3
Japanese,3
Japanese,4
Japanese,7
Japanese,3
Japanese,4
Japanese,3
Japanese,5
Japanese,2
Japanese,3
Japanese,3
Japanese,6
Japanese,4
Japanese,3
Japanese,2
Japanese,4
Japanese,2
Japanese,3
Japanese,2
Japanese,2
Japanese,3
Japanese,3
Japanese,3
Japanese,4
Japanese,5
Japanese,2
Japanese,4
Japanese,3
Japanese,5
Japanese,4
Japanese,2
Japanese,2
Japanese,5
Japanese,4
Japanese,5
Japanese,3
Japanese,5
Japanese,6
Japanese,4
Japanese,3
Japanese,3
Japanese,3
Japanese,2
Japanese,3
Japanese,4
Japanese,4
Japanese,2
Japanese,4
Japanese,2
Japanese,4
Japanese,2
Japanese,6
Japanese,6
Japanese,4
Japanese,4
Japanese,4
Japanese,4
Japanese,3
Japanese,4
Japanese,3
Japanese,9
Japanese,5
Japanese,5
Japanese,5
Japanese,3
Japanese,6
Japanese,5
Japanese,3
Japanese,3
Japanese,3
Japanese,5
Japanese,3
Japanese,3
Japanese,4
Japanese,5
Japanese,4
Japanese,3
Japanese,5
Japanese,5
Japanese,6
Japanese,3
Japanese,4
Japanese,4
Japanese,9
Japanese,3
Japanese,6
Japanese,5
Japanese,4
Japanese,4
Japanese,4
Japanese,5
Japanese,3
Japanese,3
Japanese,4
Japanese,4
Japanese,3
Japanese,5
Japanese,4
Japanese,2
Japanese,5
Japanese,3
Japanese,3
Japanese,3
Japanese,3
Japanese,4
Japanese,3
Japanese,4
Japanese,3
Japanese,3
Japanese,6
Japanese,3
Japanese,3
Japanese,5
Japanese,4
Japanese,2
Japanese,5
Japanese,6
Japanese,2
Japanese,3
Japanese,2
Japanese,3
Japanese,6
Japanese,4
Japanese,4
Japanese,3
Japanese,6
Japanese,4
Japanese,3
Japanese,4
Japanese,3
Japanese,4
Japanese,4
Japanese,6
Japanese,3
Japanese,3
Japanese,3
Japanese,3
Japanese,5
Japanese,3
Japanese,4
Japanese,3
Japanese,3
Japanese,3
Japanese,6
Japanese,5
Japanese,5
Japanese,3
Japanese,2
Japanese,3
Japanese,4
Japanese,3
Japanese,4
Japanese,3
Japanese,6
Japanese,3
Japanese,4
Japanese,5
Japanese,6
Japanese,3
Japanese,3
Japanese,4
Japanese,7
Japanese,5
Japanese,5
Japanese,4
Japanese,3
Japanese,4
Japanese,5
Japanese,3
Japanese,5
Japanese,3
Japanese,3
Japanese,4
Japanese,4
Japanese,4
Japanese,3
Japanese,4
Japanese,3
Japanese,4
Japanese,4
Japanese,6
Japanese,5
Japanese,4
Japanese,7
Japanese,3
Japanese,4
Japanese,4
Japanese,3
Japanese,2
Japanese,6
Japanese,3
Japanese,5
Japanese,2
Japanese,3
Japanese,3
Japanese,5
Japanese,4
Japanese,3
Japanese,5
Japanese,2
Japanese,3
Japanese,4
Japanese,4
Japanese,4
Japanese,3
Japanese,5
Japanese,3
Japanese,4
Japanese,4
Japanese,5
Japanese,2
Japanese,7
Japanese,4
Japanese,2
Japanese,2
Japanese,4
Japanese,2
Japanese,5
Japanese,3
Japanese,4
Japanese,2
Japanese,3
Japanese,2
Japanese,6
Japanese,3
Japanese,5
Japanese,4
Japanese,4
Japanese,3
Japanese,4
Japanese,3
Japanese,4
Japanese,5
Japanese,3
Japanese,3
Japanese,4
Japanese,4
Japanese,5
Japanese,4
Japanese,2
Japanese,4
Japanese,4
Japanese,4
Japanese,3
Japanese,4
Japanese,4
Japanese,3
Japanese,5
Japanese,3
Japanese,4
Japanese,4
Japanese,2
Japanese,3
Japanese,3
Japanese,5
Japanese,4
Japanese,3
Japanese,3
Japanese,3
Japanese,3
Japanese,8
Japanese,3
Japanese,4
Japanese,3
Japanese,5
Japanese,5
Japanese,6
Japanese,4
Japanese,3
Japanese,4
Japanese,4
Japanese,3
Japanese,7
Japanese,5
Japanese,3
Japanese,6
Japanese,3
Japanese,3
Japanese,4
Japanese,3
Japanese,6
Japanese,4
Japanese,3
Japanese,3
Japanese,3
Japanese,5
Japanese,4
Japanese,3
Japanese,3
Japanese,4
Japanese,3
Japanese,3
Japanese,3
Japanese,4
Japanese,5
Japanese,6
Japanese,6
Japanese,5
Japanese,3
Japanese,5
Japanese,2
Japanese,3
Japanese,6
Japanese,3
Japanese,2
Japanese,6
Japanese,3
Japanese,5
Japanese,3
Japanese,4
Japanese,2
Japanese,6
Japanese,4
Japanese,5
Japanese,4
Japanese,3
Japanese,4
Japanese,3
Japanese,4
Japanese,4
Japanese,4
Japanese,4
Japanese,4
Japanese,4
Japanese,4
Japanese,5
Japanese,3
Japanese,7
Japanese,6
Japanese,5
Japanese,2
Japanese,3
Japanese,2
Japanese,4
Japanese,9
Japanese,2
Japanese,4
Japanese,5
Japanese,4
Japanese,5
Japanese,5
Japanese,4
Japanese,2
Japanese,5
Japanese,3
Japanese,4
Japanese,4
Japanese,2
Japanese,5
Japanese,7
Japanese,5
Japanese,3
Japanese,3
Japanese,4
Japanese,5
Japanese,4
Japanese,4
Japanese,2
Japanese,4
Japanese,3
Japanese,6
Japanese,2
Japanese,3
Japanese,5
Japanese,5
Japanese,5
Japanese,2
Japanese,3
Japanese,3
Japanese,4
Japanese,3
Japanese,5
Japanese,5
Japanese,5
Japanese,2
Japanese,3
Japanese,4
Japanese,3
Japanese,6
Japanese,3
Japanese,5
Japanese,4
Japanese,4
Japanese,5
Japanese,6
Japanese,2
Japanese,4
Japanese,3
Japanese,3
Japanese,4
Japanese,3
Japanese,3
Japanese,3
Japanese,4
Japanese,7
Japanese,5
Japanese,4
Japanese,5
Japanese,4
Japanese,4
Japanese,3
Japanese,3
Japanese,5
Japanese,4
Japanese,4
Japanese,4
